id,90,91,92,93,94,95,96,97,98,99,100,101,102,103,104,105,106,107,108,109,110,111,112,343,344,345,346,347,348,349,350,351,352,353,354,355,356,357,358,359,% surv
A.A. 90 variants,A,F,V,T,S,E,T,H,N,F,I,C,M,I,M,F,F,I,V,Y,S,L,F,M,T,Y,T,I,V,S,C,I,Q,G,P,A,L,A,I,A,10
A.A. 90 variants,C,F,V,T,S,E,T,H,N,F,I,C,M,I,M,F,F,I,V,Y,S,L,F,M,T,Y,T,I,V,S,C,I,Q,G,P,A,L,A,I,A,5
A.A. 90 variants,D,F,V,T,S,E,T,H,N,F,I,C,M,I,M,F,F,I,V,Y,S,L,F,M,T,Y,T,I,V,S,C,I,Q,G,P,A,L,A,I,A,15
A.A. 90 variants,E,F,V,T,S,E,T,H,N,F,I,C,M,I,M,F,F,I,V,Y,S,L,F,M,T,Y,T,I,V,S,C,I,Q,G,P,A,L,A,I,A,15
A.A. 90 variants,F,F,V,T,S,E,T,H,N,F,I,C,M,I,M,F,F,I,V,Y,S,L,F,M,T,Y,T,I,V,S,C,I,Q,G,P,A,L,A,I,A,10
A.A. 90 variants,G,F,V,T,S,E,T,H,N,F,I,C,M,I,M,F,F,I,V,Y,S,L,F,M,T,Y,T,I,V,S,C,I,Q,G,P,A,L,A,I,A,5
A.A. 90 variants,H,F,V,T,S,E,T,H,N,F,I,C,M,I,M,F,F,I,V,Y,S,L,F,M,T,Y,T,I,V,S,C,I,Q,G,P,A,L,A,I,A,0.1
A.A. 90 variants,I,F,V,T,S,E,T,H,N,F,I,C,M,I,M,F,F,I,V,Y,S,L,F,M,T,Y,T,I,V,S,C,I,Q,G,P,A,L,A,I,A,10
A.A. 90 variants,K,F,V,T,S,E,T,H,N,F,I,C,M,I,M,F,F,I,V,Y,S,L,F,M,T,Y,T,I,V,S,C,I,Q,G,P,A,L,A,I,A,0.1
A.A. 90 variants,L,F,V,T,S,E,T,H,N,F,I,C,M,I,M,F,F,I,V,Y,S,L,F,M,T,Y,T,I,V,S,C,I,Q,G,P,A,L,A,I,A,10
A.A. 90 variants,M,F,V,T,S,E,T,H,N,F,I,C,M,I,M,F,F,I,V,Y,S,L,F,M,T,Y,T,I,V,S,C,I,Q,G,P,A,L,A,I,A,10
A.A. 90 variants,N,F,V,T,S,E,T,H,N,F,I,C,M,I,M,F,F,I,V,Y,S,L,F,M,T,Y,T,I,V,S,C,I,Q,G,P,A,L,A,I,A,5
A.A. 90 variants,P,F,V,T,S,E,T,H,N,F,I,C,M,I,M,F,F,I,V,Y,S,L,F,M,T,Y,T,I,V,S,C,I,Q,G,P,A,L,A,I,A,5
A.A. 90 variants,Q,F,V,T,S,E,T,H,N,F,I,C,M,I,M,F,F,I,V,Y,S,L,F,M,T,Y,T,I,V,S,C,I,Q,G,P,A,L,A,I,A,5
A.A. 90 variants,R,F,V,T,S,E,T,H,N,F,I,C,M,I,M,F,F,I,V,Y,S,L,F,M,T,Y,T,I,V,S,C,I,Q,G,P,A,L,A,I,A,0.1
A.A. 90 variants,T,F,V,T,S,E,T,H,N,F,I,C,M,I,M,F,F,I,V,Y,S,L,F,M,T,Y,T,I,V,S,C,I,Q,G,P,A,L,A,I,A,5
A.A. 90 variants,V,F,V,T,S,E,T,H,N,F,I,C,M,I,M,F,F,I,V,Y,S,L,F,M,T,Y,T,I,V,S,C,I,Q,G,P,A,L,A,I,A,10
A.A. 90 variants,W,F,V,T,S,E,T,H,N,F,I,C,M,I,M,F,F,I,V,Y,S,L,F,M,T,Y,T,I,V,S,C,I,Q,G,P,A,L,A,I,A,10
A.A. 90 variants,Y,F,V,T,S,E,T,H,N,F,I,C,M,I,M,F,F,I,V,Y,S,L,F,M,T,Y,T,I,V,S,C,I,Q,G,P,A,L,A,I,A,10
A.A. 91 variants,S,A,V,T,S,E,T,H,N,F,I,C,M,I,M,F,F,I,V,Y,S,L,F,M,T,Y,T,I,V,S,C,I,Q,G,P,A,L,A,I,A,10
A.A. 91 variants,S,C,V,T,S,E,T,H,N,F,I,C,M,I,M,F,F,I,V,Y,S,L,F,M,T,Y,T,I,V,S,C,I,Q,G,P,A,L,A,I,A,5
A.A. 91 variants,S,D,V,T,S,E,T,H,N,F,I,C,M,I,M,F,F,I,V,Y,S,L,F,M,T,Y,T,I,V,S,C,I,Q,G,P,A,L,A,I,A,15
A.A. 91 variants,S,E,V,T,S,E,T,H,N,F,I,C,M,I,M,F,F,I,V,Y,S,L,F,M,T,Y,T,I,V,S,C,I,Q,G,P,A,L,A,I,A,15
A.A. 91 variants,S,G,V,T,S,E,T,H,N,F,I,C,M,I,M,F,F,I,V,Y,S,L,F,M,T,Y,T,I,V,S,C,I,Q,G,P,A,L,A,I,A,5
A.A. 91 variants,S,H,V,T,S,E,T,H,N,F,I,C,M,I,M,F,F,I,V,Y,S,L,F,M,T,Y,T,I,V,S,C,I,Q,G,P,A,L,A,I,A,0.1
A.A. 91 variants,S,I,V,T,S,E,T,H,N,F,I,C,M,I,M,F,F,I,V,Y,S,L,F,M,T,Y,T,I,V,S,C,I,Q,G,P,A,L,A,I,A,10
A.A. 91 variants,S,K,V,T,S,E,T,H,N,F,I,C,M,I,M,F,F,I,V,Y,S,L,F,M,T,Y,T,I,V,S,C,I,Q,G,P,A,L,A,I,A,0.1
A.A. 91 variants,S,L,V,T,S,E,T,H,N,F,I,C,M,I,M,F,F,I,V,Y,S,L,F,M,T,Y,T,I,V,S,C,I,Q,G,P,A,L,A,I,A,10
A.A. 91 variants,S,M,V,T,S,E,T,H,N,F,I,C,M,I,M,F,F,I,V,Y,S,L,F,M,T,Y,T,I,V,S,C,I,Q,G,P,A,L,A,I,A,10
A.A. 91 variants,S,N,V,T,S,E,T,H,N,F,I,C,M,I,M,F,F,I,V,Y,S,L,F,M,T,Y,T,I,V,S,C,I,Q,G,P,A,L,A,I,A,5
A.A. 91 variants,S,P,V,T,S,E,T,H,N,F,I,C,M,I,M,F,F,I,V,Y,S,L,F,M,T,Y,T,I,V,S,C,I,Q,G,P,A,L,A,I,A,5
A.A. 91 variants,S,Q,V,T,S,E,T,H,N,F,I,C,M,I,M,F,F,I,V,Y,S,L,F,M,T,Y,T,I,V,S,C,I,Q,G,P,A,L,A,I,A,5
A.A. 91 variants,S,R,V,T,S,E,T,H,N,F,I,C,M,I,M,F,F,I,V,Y,S,L,F,M,T,Y,T,I,V,S,C,I,Q,G,P,A,L,A,I,A,0.1
A.A. 91 variants,S,S,V,T,S,E,T,H,N,F,I,C,M,I,M,F,F,I,V,Y,S,L,F,M,T,Y,T,I,V,S,C,I,Q,G,P,A,L,A,I,A,5
A.A. 91 variants,S,T,V,T,S,E,T,H,N,F,I,C,M,I,M,F,F,I,V,Y,S,L,F,M,T,Y,T,I,V,S,C,I,Q,G,P,A,L,A,I,A,5
A.A. 91 variants,S,V,V,T,S,E,T,H,N,F,I,C,M,I,M,F,F,I,V,Y,S,L,F,M,T,Y,T,I,V,S,C,I,Q,G,P,A,L,A,I,A,10
A.A. 91 variants,S,W,V,T,S,E,T,H,N,F,I,C,M,I,M,F,F,I,V,Y,S,L,F,M,T,Y,T,I,V,S,C,I,Q,G,P,A,L,A,I,A,10
A.A. 91 variants,S,Y,V,T,S,E,T,H,N,F,I,C,M,I,M,F,F,I,V,Y,S,L,F,M,T,Y,T,I,V,S,C,I,Q,G,P,A,L,A,I,A,10
A.A. 91 variants,S,F,A,T,S,E,T,H,N,F,I,C,M,I,M,F,F,I,V,Y,S,L,F,M,T,Y,T,I,V,S,C,I,Q,G,P,A,L,A,I,A,10
A.A. 91 variants,S,F,C,T,S,E,T,H,N,F,I,C,M,I,M,F,F,I,V,Y,S,L,F,M,T,Y,T,I,V,S,C,I,Q,G,P,A,L,A,I,A,5
A.A. 91 variants,S,F,D,T,S,E,T,H,N,F,I,C,M,I,M,F,F,I,V,Y,S,L,F,M,T,Y,T,I,V,S,C,I,Q,G,P,A,L,A,I,A,15
A.A. 91 variants,S,F,E,T,S,E,T,H,N,F,I,C,M,I,M,F,F,I,V,Y,S,L,F,M,T,Y,T,I,V,S,C,I,Q,G,P,A,L,A,I,A,15
A.A. 91 variants,S,F,F,T,S,E,T,H,N,F,I,C,M,I,M,F,F,I,V,Y,S,L,F,M,T,Y,T,I,V,S,C,I,Q,G,P,A,L,A,I,A,10
A.A. 91 variants,S,F,G,T,S,E,T,H,N,F,I,C,M,I,M,F,F,I,V,Y,S,L,F,M,T,Y,T,I,V,S,C,I,Q,G,P,A,L,A,I,A,5
A.A. 91 variants,S,F,H,T,S,E,T,H,N,F,I,C,M,I,M,F,F,I,V,Y,S,L,F,M,T,Y,T,I,V,S,C,I,Q,G,P,A,L,A,I,A,0.1
A.A. 91 variants,S,F,I,T,S,E,T,H,N,F,I,C,M,I,M,F,F,I,V,Y,S,L,F,M,T,Y,T,I,V,S,C,I,Q,G,P,A,L,A,I,A,10
A.A. 91 variants,S,F,K,T,S,E,T,H,N,F,I,C,M,I,M,F,F,I,V,Y,S,L,F,M,T,Y,T,I,V,S,C,I,Q,G,P,A,L,A,I,A,0.1
A.A. 91 variants,S,F,L,T,S,E,T,H,N,F,I,C,M,I,M,F,F,I,V,Y,S,L,F,M,T,Y,T,I,V,S,C,I,Q,G,P,A,L,A,I,A,10
A.A. 91 variants,S,F,M,T,S,E,T,H,N,F,I,C,M,I,M,F,F,I,V,Y,S,L,F,M,T,Y,T,I,V,S,C,I,Q,G,P,A,L,A,I,A,10
A.A. 91 variants,S,F,N,T,S,E,T,H,N,F,I,C,M,I,M,F,F,I,V,Y,S,L,F,M,T,Y,T,I,V,S,C,I,Q,G,P,A,L,A,I,A,5
A.A. 91 variants,S,F,P,T,S,E,T,H,N,F,I,C,M,I,M,F,F,I,V,Y,S,L,F,M,T,Y,T,I,V,S,C,I,Q,G,P,A,L,A,I,A,5
A.A. 91 variants,S,F,Q,T,S,E,T,H,N,F,I,C,M,I,M,F,F,I,V,Y,S,L,F,M,T,Y,T,I,V,S,C,I,Q,G,P,A,L,A,I,A,5
A.A. 91 variants,S,F,R,T,S,E,T,H,N,F,I,C,M,I,M,F,F,I,V,Y,S,L,F,M,T,Y,T,I,V,S,C,I,Q,G,P,A,L,A,I,A,0.1
A.A. 91 variants,S,F,S,T,S,E,T,H,N,F,I,C,M,I,M,F,F,I,V,Y,S,L,F,M,T,Y,T,I,V,S,C,I,Q,G,P,A,L,A,I,A,5
A.A. 91 variants,S,F,T,T,S,E,T,H,N,F,I,C,M,I,M,F,F,I,V,Y,S,L,F,M,T,Y,T,I,V,S,C,I,Q,G,P,A,L,A,I,A,5
A.A. 91 variants,S,F,W,T,S,E,T,H,N,F,I,C,M,I,M,F,F,I,V,Y,S,L,F,M,T,Y,T,I,V,S,C,I,Q,G,P,A,L,A,I,A,10
A.A. 91 variants,S,F,Y,T,S,E,T,H,N,F,I,C,M,I,M,F,F,I,V,Y,S,L,F,M,T,Y,T,I,V,S,C,I,Q,G,P,A,L,A,I,A,10
A.A. 91 variants,S,F,V,S,S,E,T,H,N,F,I,C,M,I,M,F,F,I,V,Y,S,L,F,M,T,Y,T,I,V,S,C,I,Q,G,P,A,L,A,I,A,5
A.A. 91 variants,S,F,V,A,S,E,T,H,N,F,I,C,M,I,M,F,F,I,V,Y,S,L,F,M,T,Y,T,I,V,S,C,I,Q,G,P,A,L,A,I,A,10
A.A. 91 variants,S,F,V,C,S,E,T,H,N,F,I,C,M,I,M,F,F,I,V,Y,S,L,F,M,T,Y,T,I,V,S,C,I,Q,G,P,A,L,A,I,A,5
A.A. 91 variants,S,F,V,D,S,E,T,H,N,F,I,C,M,I,M,F,F,I,V,Y,S,L,F,M,T,Y,T,I,V,S,C,I,Q,G,P,A,L,A,I,A,15
A.A. 91 variants,S,F,V,E,S,E,T,H,N,F,I,C,M,I,M,F,F,I,V,Y,S,L,F,M,T,Y,T,I,V,S,C,I,Q,G,P,A,L,A,I,A,15
A.A. 91 variants,S,F,V,F,S,E,T,H,N,F,I,C,M,I,M,F,F,I,V,Y,S,L,F,M,T,Y,T,I,V,S,C,I,Q,G,P,A,L,A,I,A,10
A.A. 91 variants,S,F,V,G,S,E,T,H,N,F,I,C,M,I,M,F,F,I,V,Y,S,L,F,M,T,Y,T,I,V,S,C,I,Q,G,P,A,L,A,I,A,5
A.A. 91 variants,S,F,V,H,S,E,T,H,N,F,I,C,M,I,M,F,F,I,V,Y,S,L,F,M,T,Y,T,I,V,S,C,I,Q,G,P,A,L,A,I,A,0.1
A.A. 91 variants,S,F,V,I,S,E,T,H,N,F,I,C,M,I,M,F,F,I,V,Y,S,L,F,M,T,Y,T,I,V,S,C,I,Q,G,P,A,L,A,I,A,10
A.A. 91 variants,S,F,V,K,S,E,T,H,N,F,I,C,M,I,M,F,F,I,V,Y,S,L,F,M,T,Y,T,I,V,S,C,I,Q,G,P,A,L,A,I,A,0.1
A.A. 91 variants,S,F,V,L,S,E,T,H,N,F,I,C,M,I,M,F,F,I,V,Y,S,L,F,M,T,Y,T,I,V,S,C,I,Q,G,P,A,L,A,I,A,10
A.A. 91 variants,S,F,V,M,S,E,T,H,N,F,I,C,M,I,M,F,F,I,V,Y,S,L,F,M,T,Y,T,I,V,S,C,I,Q,G,P,A,L,A,I,A,10
A.A. 91 variants,S,F,V,N,S,E,T,H,N,F,I,C,M,I,M,F,F,I,V,Y,S,L,F,M,T,Y,T,I,V,S,C,I,Q,G,P,A,L,A,I,A,5
A.A. 91 variants,S,F,V,P,S,E,T,H,N,F,I,C,M,I,M,F,F,I,V,Y,S,L,F,M,T,Y,T,I,V,S,C,I,Q,G,P,A,L,A,I,A,5
A.A. 91 variants,S,F,V,Q,S,E,T,H,N,F,I,C,M,I,M,F,F,I,V,Y,S,L,F,M,T,Y,T,I,V,S,C,I,Q,G,P,A,L,A,I,A,5
A.A. 91 variants,S,F,V,R,S,E,T,H,N,F,I,C,M,I,M,F,F,I,V,Y,S,L,F,M,T,Y,T,I,V,S,C,I,Q,G,P,A,L,A,I,A,0.1
A.A. 91 variants,S,F,V,V,S,E,T,H,N,F,I,C,M,I,M,F,F,I,V,Y,S,L,F,M,T,Y,T,I,V,S,C,I,Q,G,P,A,L,A,I,A,10
A.A. 91 variants,S,F,V,W,S,E,T,H,N,F,I,C,M,I,M,F,F,I,V,Y,S,L,F,M,T,Y,T,I,V,S,C,I,Q,G,P,A,L,A,I,A,10
A.A. 91 variants,S,F,V,Y,S,E,T,H,N,F,I,C,M,I,M,F,F,I,V,Y,S,L,F,M,T,Y,T,I,V,S,C,I,Q,G,P,A,L,A,I,A,10
A.A. 91 variants,S,F,V,T,A,E,T,H,N,F,I,C,M,I,M,F,F,I,V,Y,S,L,F,M,T,Y,T,I,V,S,C,I,Q,G,P,A,L,A,I,A,10
A.A. 91 variants,S,F,V,T,C,E,T,H,N,F,I,C,M,I,M,F,F,I,V,Y,S,L,F,M,T,Y,T,I,V,S,C,I,Q,G,P,A,L,A,I,A,5
A.A. 91 variants,S,F,V,T,D,E,T,H,N,F,I,C,M,I,M,F,F,I,V,Y,S,L,F,M,T,Y,T,I,V,S,C,I,Q,G,P,A,L,A,I,A,15
A.A. 91 variants,S,F,V,T,E,E,T,H,N,F,I,C,M,I,M,F,F,I,V,Y,S,L,F,M,T,Y,T,I,V,S,C,I,Q,G,P,A,L,A,I,A,15
A.A. 91 variants,S,F,V,T,F,E,T,H,N,F,I,C,M,I,M,F,F,I,V,Y,S,L,F,M,T,Y,T,I,V,S,C,I,Q,G,P,A,L,A,I,A,10
A.A. 91 variants,S,F,V,T,G,E,T,H,N,F,I,C,M,I,M,F,F,I,V,Y,S,L,F,M,T,Y,T,I,V,S,C,I,Q,G,P,A,L,A,I,A,5
A.A. 91 variants,S,F,V,T,H,E,T,H,N,F,I,C,M,I,M,F,F,I,V,Y,S,L,F,M,T,Y,T,I,V,S,C,I,Q,G,P,A,L,A,I,A,0.1
A.A. 91 variants,S,F,V,T,I,E,T,H,N,F,I,C,M,I,M,F,F,I,V,Y,S,L,F,M,T,Y,T,I,V,S,C,I,Q,G,P,A,L,A,I,A,10
A.A. 91 variants,S,F,V,T,K,E,T,H,N,F,I,C,M,I,M,F,F,I,V,Y,S,L,F,M,T,Y,T,I,V,S,C,I,Q,G,P,A,L,A,I,A,0.1
A.A. 91 variants,S,F,V,T,L,E,T,H,N,F,I,C,M,I,M,F,F,I,V,Y,S,L,F,M,T,Y,T,I,V,S,C,I,Q,G,P,A,L,A,I,A,10
A.A. 91 variants,S,F,V,T,M,E,T,H,N,F,I,C,M,I,M,F,F,I,V,Y,S,L,F,M,T,Y,T,I,V,S,C,I,Q,G,P,A,L,A,I,A,10
A.A. 91 variants,S,F,V,T,N,E,T,H,N,F,I,C,M,I,M,F,F,I,V,Y,S,L,F,M,T,Y,T,I,V,S,C,I,Q,G,P,A,L,A,I,A,5
A.A. 91 variants,S,F,V,T,P,E,T,H,N,F,I,C,M,I,M,F,F,I,V,Y,S,L,F,M,T,Y,T,I,V,S,C,I,Q,G,P,A,L,A,I,A,5
A.A. 91 variants,S,F,V,T,Q,E,T,H,N,F,I,C,M,I,M,F,F,I,V,Y,S,L,F,M,T,Y,T,I,V,S,C,I,Q,G,P,A,L,A,I,A,5
A.A. 91 variants,S,F,V,T,R,E,T,H,N,F,I,C,M,I,M,F,F,I,V,Y,S,L,F,M,T,Y,T,I,V,S,C,I,Q,G,P,A,L,A,I,A,0.1
A.A. 91 variants,S,F,V,T,T,E,T,H,N,F,I,C,M,I,M,F,F,I,V,Y,S,L,F,M,T,Y,T,I,V,S,C,I,Q,G,P,A,L,A,I,A,5
A.A. 91 variants,S,F,V,T,V,E,T,H,N,F,I,C,M,I,M,F,F,I,V,Y,S,L,F,M,T,Y,T,I,V,S,C,I,Q,G,P,A,L,A,I,A,10
A.A. 91 variants,S,F,V,T,W,E,T,H,N,F,I,C,M,I,M,F,F,I,V,Y,S,L,F,M,T,Y,T,I,V,S,C,I,Q,G,P,A,L,A,I,A,10
A.A. 91 variants,S,F,V,T,Y,E,T,H,N,F,I,C,M,I,M,F,F,I,V,Y,S,L,F,M,T,Y,T,I,V,S,C,I,Q,G,P,A,L,A,I,A,10
A.A. 91 variants,S,F,V,T,S,S,T,H,N,F,I,C,M,I,M,F,F,I,V,Y,S,L,F,M,T,Y,T,I,V,S,C,I,Q,G,P,A,L,A,I,A,5
A.A. 91 variants,S,F,V,T,S,A,T,H,N,F,I,C,M,I,M,F,F,I,V,Y,S,L,F,M,T,Y,T,I,V,S,C,I,Q,G,P,A,L,A,I,A,10
A.A. 91 variants,S,F,V,T,S,C,T,H,N,F,I,C,M,I,M,F,F,I,V,Y,S,L,F,M,T,Y,T,I,V,S,C,I,Q,G,P,A,L,A,I,A,5
A.A. 91 variants,S,F,V,T,S,D,T,H,N,F,I,C,M,I,M,F,F,I,V,Y,S,L,F,M,T,Y,T,I,V,S,C,I,Q,G,P,A,L,A,I,A,15
A.A. 91 variants,S,F,V,T,S,F,T,H,N,F,I,C,M,I,M,F,F,I,V,Y,S,L,F,M,T,Y,T,I,V,S,C,I,Q,G,P,A,L,A,I,A,10
A.A. 91 variants,S,F,V,T,S,G,T,H,N,F,I,C,M,I,M,F,F,I,V,Y,S,L,F,M,T,Y,T,I,V,S,C,I,Q,G,P,A,L,A,I,A,5
A.A. 91 variants,S,F,V,T,S,H,T,H,N,F,I,C,M,I,M,F,F,I,V,Y,S,L,F,M,T,Y,T,I,V,S,C,I,Q,G,P,A,L,A,I,A,0.1
A.A. 91 variants,S,F,V,T,S,I,T,H,N,F,I,C,M,I,M,F,F,I,V,Y,S,L,F,M,T,Y,T,I,V,S,C,I,Q,G,P,A,L,A,I,A,10
A.A. 91 variants,S,F,V,T,S,K,T,H,N,F,I,C,M,I,M,F,F,I,V,Y,S,L,F,M,T,Y,T,I,V,S,C,I,Q,G,P,A,L,A,I,A,0.1
A.A. 91 variants,S,F,V,T,S,L,T,H,N,F,I,C,M,I,M,F,F,I,V,Y,S,L,F,M,T,Y,T,I,V,S,C,I,Q,G,P,A,L,A,I,A,10
A.A. 91 variants,S,F,V,T,S,M,T,H,N,F,I,C,M,I,M,F,F,I,V,Y,S,L,F,M,T,Y,T,I,V,S,C,I,Q,G,P,A,L,A,I,A,10
A.A. 91 variants,S,F,V,T,S,N,T,H,N,F,I,C,M,I,M,F,F,I,V,Y,S,L,F,M,T,Y,T,I,V,S,C,I,Q,G,P,A,L,A,I,A,5
A.A. 91 variants,S,F,V,T,S,P,T,H,N,F,I,C,M,I,M,F,F,I,V,Y,S,L,F,M,T,Y,T,I,V,S,C,I,Q,G,P,A,L,A,I,A,5
A.A. 91 variants,S,F,V,T,S,Q,T,H,N,F,I,C,M,I,M,F,F,I,V,Y,S,L,F,M,T,Y,T,I,V,S,C,I,Q,G,P,A,L,A,I,A,5
A.A. 91 variants,S,F,V,T,S,R,T,H,N,F,I,C,M,I,M,F,F,I,V,Y,S,L,F,M,T,Y,T,I,V,S,C,I,Q,G,P,A,L,A,I,A,0.1
A.A. 91 variants,S,F,V,T,S,T,T,H,N,F,I,C,M,I,M,F,F,I,V,Y,S,L,F,M,T,Y,T,I,V,S,C,I,Q,G,P,A,L,A,I,A,5
A.A. 91 variants,S,F,V,T,S,V,T,H,N,F,I,C,M,I,M,F,F,I,V,Y,S,L,F,M,T,Y,T,I,V,S,C,I,Q,G,P,A,L,A,I,A,10
A.A. 91 variants,S,F,V,T,S,W,T,H,N,F,I,C,M,I,M,F,F,I,V,Y,S,L,F,M,T,Y,T,I,V,S,C,I,Q,G,P,A,L,A,I,A,10
A.A. 91 variants,S,F,V,T,S,Y,T,H,N,F,I,C,M,I,M,F,F,I,V,Y,S,L,F,M,T,Y,T,I,V,S,C,I,Q,G,P,A,L,A,I,A,10
A.A. 91 variants,S,F,V,T,S,E,S,H,N,F,I,C,M,I,M,F,F,I,V,Y,S,L,F,M,T,Y,T,I,V,S,C,I,Q,G,P,A,L,A,I,A,5
A.A. 91 variants,S,F,V,T,S,E,A,H,N,F,I,C,M,I,M,F,F,I,V,Y,S,L,F,M,T,Y,T,I,V,S,C,I,Q,G,P,A,L,A,I,A,10
A.A. 91 variants,S,F,V,T,S,E,C,H,N,F,I,C,M,I,M,F,F,I,V,Y,S,L,F,M,T,Y,T,I,V,S,C,I,Q,G,P,A,L,A,I,A,5
A.A. 91 variants,S,F,V,T,S,E,D,H,N,F,I,C,M,I,M,F,F,I,V,Y,S,L,F,M,T,Y,T,I,V,S,C,I,Q,G,P,A,L,A,I,A,15
A.A. 91 variants,S,F,V,T,S,E,E,H,N,F,I,C,M,I,M,F,F,I,V,Y,S,L,F,M,T,Y,T,I,V,S,C,I,Q,G,P,A,L,A,I,A,15
A.A. 91 variants,S,F,V,T,S,E,F,H,N,F,I,C,M,I,M,F,F,I,V,Y,S,L,F,M,T,Y,T,I,V,S,C,I,Q,G,P,A,L,A,I,A,10
A.A. 91 variants,S,F,V,T,S,E,G,H,N,F,I,C,M,I,M,F,F,I,V,Y,S,L,F,M,T,Y,T,I,V,S,C,I,Q,G,P,A,L,A,I,A,5
A.A. 91 variants,S,F,V,T,S,E,H,H,N,F,I,C,M,I,M,F,F,I,V,Y,S,L,F,M,T,Y,T,I,V,S,C,I,Q,G,P,A,L,A,I,A,0.1
A.A. 91 variants,S,F,V,T,S,E,I,H,N,F,I,C,M,I,M,F,F,I,V,Y,S,L,F,M,T,Y,T,I,V,S,C,I,Q,G,P,A,L,A,I,A,10
A.A. 91 variants,S,F,V,T,S,E,K,H,N,F,I,C,M,I,M,F,F,I,V,Y,S,L,F,M,T,Y,T,I,V,S,C,I,Q,G,P,A,L,A,I,A,0.1
A.A. 91 variants,S,F,V,T,S,E,L,H,N,F,I,C,M,I,M,F,F,I,V,Y,S,L,F,M,T,Y,T,I,V,S,C,I,Q,G,P,A,L,A,I,A,10
A.A. 91 variants,S,F,V,T,S,E,M,H,N,F,I,C,M,I,M,F,F,I,V,Y,S,L,F,M,T,Y,T,I,V,S,C,I,Q,G,P,A,L,A,I,A,10
A.A. 91 variants,S,F,V,T,S,E,N,H,N,F,I,C,M,I,M,F,F,I,V,Y,S,L,F,M,T,Y,T,I,V,S,C,I,Q,G,P,A,L,A,I,A,5
A.A. 91 variants,S,F,V,T,S,E,P,H,N,F,I,C,M,I,M,F,F,I,V,Y,S,L,F,M,T,Y,T,I,V,S,C,I,Q,G,P,A,L,A,I,A,5
A.A. 91 variants,S,F,V,T,S,E,Q,H,N,F,I,C,M,I,M,F,F,I,V,Y,S,L,F,M,T,Y,T,I,V,S,C,I,Q,G,P,A,L,A,I,A,5
A.A. 91 variants,S,F,V,T,S,E,R,H,N,F,I,C,M,I,M,F,F,I,V,Y,S,L,F,M,T,Y,T,I,V,S,C,I,Q,G,P,A,L,A,I,A,0.1
A.A. 91 variants,S,F,V,T,S,E,V,H,N,F,I,C,M,I,M,F,F,I,V,Y,S,L,F,M,T,Y,T,I,V,S,C,I,Q,G,P,A,L,A,I,A,10
A.A. 91 variants,S,F,V,T,S,E,W,H,N,F,I,C,M,I,M,F,F,I,V,Y,S,L,F,M,T,Y,T,I,V,S,C,I,Q,G,P,A,L,A,I,A,10
A.A. 91 variants,S,F,V,T,S,E,Y,H,N,F,I,C,M,I,M,F,F,I,V,Y,S,L,F,M,T,Y,T,I,V,S,C,I,Q,G,P,A,L,A,I,A,10
A.A. 91 variants,S,F,V,T,S,E,T,S,N,F,I,C,M,I,M,F,F,I,V,Y,S,L,F,M,T,Y,T,I,V,S,C,I,Q,G,P,A,L,A,I,A,5
A.A. 91 variants,S,F,V,T,S,E,T,A,N,F,I,C,M,I,M,F,F,I,V,Y,S,L,F,M,T,Y,T,I,V,S,C,I,Q,G,P,A,L,A,I,A,10
A.A. 91 variants,S,F,V,T,S,E,T,C,N,F,I,C,M,I,M,F,F,I,V,Y,S,L,F,M,T,Y,T,I,V,S,C,I,Q,G,P,A,L,A,I,A,5
A.A. 91 variants,S,F,V,T,S,E,T,D,N,F,I,C,M,I,M,F,F,I,V,Y,S,L,F,M,T,Y,T,I,V,S,C,I,Q,G,P,A,L,A,I,A,15
A.A. 91 variants,S,F,V,T,S,E,T,E,N,F,I,C,M,I,M,F,F,I,V,Y,S,L,F,M,T,Y,T,I,V,S,C,I,Q,G,P,A,L,A,I,A,15
A.A. 91 variants,S,F,V,T,S,E,T,F,N,F,I,C,M,I,M,F,F,I,V,Y,S,L,F,M,T,Y,T,I,V,S,C,I,Q,G,P,A,L,A,I,A,10
A.A. 91 variants,S,F,V,T,S,E,T,G,N,F,I,C,M,I,M,F,F,I,V,Y,S,L,F,M,T,Y,T,I,V,S,C,I,Q,G,P,A,L,A,I,A,5
A.A. 91 variants,S,F,V,T,S,E,T,I,N,F,I,C,M,I,M,F,F,I,V,Y,S,L,F,M,T,Y,T,I,V,S,C,I,Q,G,P,A,L,A,I,A,10
A.A. 91 variants,S,F,V,T,S,E,T,K,N,F,I,C,M,I,M,F,F,I,V,Y,S,L,F,M,T,Y,T,I,V,S,C,I,Q,G,P,A,L,A,I,A,0.1
A.A. 91 variants,S,F,V,T,S,E,T,L,N,F,I,C,M,I,M,F,F,I,V,Y,S,L,F,M,T,Y,T,I,V,S,C,I,Q,G,P,A,L,A,I,A,10
A.A. 91 variants,S,F,V,T,S,E,T,M,N,F,I,C,M,I,M,F,F,I,V,Y,S,L,F,M,T,Y,T,I,V,S,C,I,Q,G,P,A,L,A,I,A,10
A.A. 91 variants,S,F,V,T,S,E,T,N,N,F,I,C,M,I,M,F,F,I,V,Y,S,L,F,M,T,Y,T,I,V,S,C,I,Q,G,P,A,L,A,I,A,5
A.A. 91 variants,S,F,V,T,S,E,T,P,N,F,I,C,M,I,M,F,F,I,V,Y,S,L,F,M,T,Y,T,I,V,S,C,I,Q,G,P,A,L,A,I,A,5
A.A. 91 variants,S,F,V,T,S,E,T,Q,N,F,I,C,M,I,M,F,F,I,V,Y,S,L,F,M,T,Y,T,I,V,S,C,I,Q,G,P,A,L,A,I,A,5
A.A. 91 variants,S,F,V,T,S,E,T,R,N,F,I,C,M,I,M,F,F,I,V,Y,S,L,F,M,T,Y,T,I,V,S,C,I,Q,G,P,A,L,A,I,A,0.1
A.A. 91 variants,S,F,V,T,S,E,T,T,N,F,I,C,M,I,M,F,F,I,V,Y,S,L,F,M,T,Y,T,I,V,S,C,I,Q,G,P,A,L,A,I,A,5
A.A. 91 variants,S,F,V,T,S,E,T,V,N,F,I,C,M,I,M,F,F,I,V,Y,S,L,F,M,T,Y,T,I,V,S,C,I,Q,G,P,A,L,A,I,A,10
A.A. 91 variants,S,F,V,T,S,E,T,W,N,F,I,C,M,I,M,F,F,I,V,Y,S,L,F,M,T,Y,T,I,V,S,C,I,Q,G,P,A,L,A,I,A,10
A.A. 91 variants,S,F,V,T,S,E,T,Y,N,F,I,C,M,I,M,F,F,I,V,Y,S,L,F,M,T,Y,T,I,V,S,C,I,Q,G,P,A,L,A,I,A,10
A.A. 91 variants,S,F,V,T,S,E,T,H,S,F,I,C,M,I,M,F,F,I,V,Y,S,L,F,M,T,Y,T,I,V,S,C,I,Q,G,P,A,L,A,I,A,5
A.A. 91 variants,S,F,V,T,S,E,T,H,A,F,I,C,M,I,M,F,F,I,V,Y,S,L,F,M,T,Y,T,I,V,S,C,I,Q,G,P,A,L,A,I,A,10
A.A. 91 variants,S,F,V,T,S,E,T,H,C,F,I,C,M,I,M,F,F,I,V,Y,S,L,F,M,T,Y,T,I,V,S,C,I,Q,G,P,A,L,A,I,A,5
A.A. 91 variants,S,F,V,T,S,E,T,H,D,F,I,C,M,I,M,F,F,I,V,Y,S,L,F,M,T,Y,T,I,V,S,C,I,Q,G,P,A,L,A,I,A,15
A.A. 91 variants,S,F,V,T,S,E,T,H,E,F,I,C,M,I,M,F,F,I,V,Y,S,L,F,M,T,Y,T,I,V,S,C,I,Q,G,P,A,L,A,I,A,15
A.A. 91 variants,S,F,V,T,S,E,T,H,F,F,I,C,M,I,M,F,F,I,V,Y,S,L,F,M,T,Y,T,I,V,S,C,I,Q,G,P,A,L,A,I,A,10
A.A. 91 variants,S,F,V,T,S,E,T,H,G,F,I,C,M,I,M,F,F,I,V,Y,S,L,F,M,T,Y,T,I,V,S,C,I,Q,G,P,A,L,A,I,A,5
A.A. 91 variants,S,F,V,T,S,E,T,H,H,F,I,C,M,I,M,F,F,I,V,Y,S,L,F,M,T,Y,T,I,V,S,C,I,Q,G,P,A,L,A,I,A,0.1
A.A. 91 variants,S,F,V,T,S,E,T,H,I,F,I,C,M,I,M,F,F,I,V,Y,S,L,F,M,T,Y,T,I,V,S,C,I,Q,G,P,A,L,A,I,A,10
A.A. 91 variants,S,F,V,T,S,E,T,H,K,F,I,C,M,I,M,F,F,I,V,Y,S,L,F,M,T,Y,T,I,V,S,C,I,Q,G,P,A,L,A,I,A,0.1
A.A. 91 variants,S,F,V,T,S,E,T,H,L,F,I,C,M,I,M,F,F,I,V,Y,S,L,F,M,T,Y,T,I,V,S,C,I,Q,G,P,A,L,A,I,A,10
A.A. 91 variants,S,F,V,T,S,E,T,H,M,F,I,C,M,I,M,F,F,I,V,Y,S,L,F,M,T,Y,T,I,V,S,C,I,Q,G,P,A,L,A,I,A,10
A.A. 91 variants,S,F,V,T,S,E,T,H,P,F,I,C,M,I,M,F,F,I,V,Y,S,L,F,M,T,Y,T,I,V,S,C,I,Q,G,P,A,L,A,I,A,5
A.A. 91 variants,S,F,V,T,S,E,T,H,Q,F,I,C,M,I,M,F,F,I,V,Y,S,L,F,M,T,Y,T,I,V,S,C,I,Q,G,P,A,L,A,I,A,5
A.A. 91 variants,S,F,V,T,S,E,T,H,R,F,I,C,M,I,M,F,F,I,V,Y,S,L,F,M,T,Y,T,I,V,S,C,I,Q,G,P,A,L,A,I,A,0.1
A.A. 91 variants,S,F,V,T,S,E,T,H,T,F,I,C,M,I,M,F,F,I,V,Y,S,L,F,M,T,Y,T,I,V,S,C,I,Q,G,P,A,L,A,I,A,5
A.A. 91 variants,S,F,V,T,S,E,T,H,V,F,I,C,M,I,M,F,F,I,V,Y,S,L,F,M,T,Y,T,I,V,S,C,I,Q,G,P,A,L,A,I,A,10
A.A. 91 variants,S,F,V,T,S,E,T,H,W,F,I,C,M,I,M,F,F,I,V,Y,S,L,F,M,T,Y,T,I,V,S,C,I,Q,G,P,A,L,A,I,A,10
A.A. 91 variants,S,F,V,T,S,E,T,H,Y,F,I,C,M,I,M,F,F,I,V,Y,S,L,F,M,T,Y,T,I,V,S,C,I,Q,G,P,A,L,A,I,A,10
A.A. 91 variants,S,F,V,T,S,E,T,H,N,S,I,C,M,I,M,F,F,I,V,Y,S,L,F,M,T,Y,T,I,V,S,C,I,Q,G,P,A,L,A,I,A,5
A.A. 91 variants,S,F,V,T,S,E,T,H,N,A,I,C,M,I,M,F,F,I,V,Y,S,L,F,M,T,Y,T,I,V,S,C,I,Q,G,P,A,L,A,I,A,10
A.A. 91 variants,S,F,V,T,S,E,T,H,N,C,I,C,M,I,M,F,F,I,V,Y,S,L,F,M,T,Y,T,I,V,S,C,I,Q,G,P,A,L,A,I,A,5
A.A. 91 variants,S,F,V,T,S,E,T,H,N,D,I,C,M,I,M,F,F,I,V,Y,S,L,F,M,T,Y,T,I,V,S,C,I,Q,G,P,A,L,A,I,A,15
A.A. 91 variants,S,F,V,T,S,E,T,H,N,E,I,C,M,I,M,F,F,I,V,Y,S,L,F,M,T,Y,T,I,V,S,C,I,Q,G,P,A,L,A,I,A,15
A.A. 91 variants,S,F,V,T,S,E,T,H,N,G,I,C,M,I,M,F,F,I,V,Y,S,L,F,M,T,Y,T,I,V,S,C,I,Q,G,P,A,L,A,I,A,5
A.A. 91 variants,S,F,V,T,S,E,T,H,N,H,I,C,M,I,M,F,F,I,V,Y,S,L,F,M,T,Y,T,I,V,S,C,I,Q,G,P,A,L,A,I,A,0.1
A.A. 91 variants,S,F,V,T,S,E,T,H,N,I,I,C,M,I,M,F,F,I,V,Y,S,L,F,M,T,Y,T,I,V,S,C,I,Q,G,P,A,L,A,I,A,10
A.A. 91 variants,S,F,V,T,S,E,T,H,N,K,I,C,M,I,M,F,F,I,V,Y,S,L,F,M,T,Y,T,I,V,S,C,I,Q,G,P,A,L,A,I,A,0.1
A.A. 91 variants,S,F,V,T,S,E,T,H,N,L,I,C,M,I,M,F,F,I,V,Y,S,L,F,M,T,Y,T,I,V,S,C,I,Q,G,P,A,L,A,I,A,10
A.A. 91 variants,S,F,V,T,S,E,T,H,N,M,I,C,M,I,M,F,F,I,V,Y,S,L,F,M,T,Y,T,I,V,S,C,I,Q,G,P,A,L,A,I,A,10
A.A. 91 variants,S,F,V,T,S,E,T,H,N,N,I,C,M,I,M,F,F,I,V,Y,S,L,F,M,T,Y,T,I,V,S,C,I,Q,G,P,A,L,A,I,A,5
A.A. 91 variants,S,F,V,T,S,E,T,H,N,P,I,C,M,I,M,F,F,I,V,Y,S,L,F,M,T,Y,T,I,V,S,C,I,Q,G,P,A,L,A,I,A,5
A.A. 91 variants,S,F,V,T,S,E,T,H,N,Q,I,C,M,I,M,F,F,I,V,Y,S,L,F,M,T,Y,T,I,V,S,C,I,Q,G,P,A,L,A,I,A,5
A.A. 91 variants,S,F,V,T,S,E,T,H,N,R,I,C,M,I,M,F,F,I,V,Y,S,L,F,M,T,Y,T,I,V,S,C,I,Q,G,P,A,L,A,I,A,0.1
A.A. 91 variants,S,F,V,T,S,E,T,H,N,T,I,C,M,I,M,F,F,I,V,Y,S,L,F,M,T,Y,T,I,V,S,C,I,Q,G,P,A,L,A,I,A,5
A.A. 91 variants,S,F,V,T,S,E,T,H,N,V,I,C,M,I,M,F,F,I,V,Y,S,L,F,M,T,Y,T,I,V,S,C,I,Q,G,P,A,L,A,I,A,10
A.A. 91 variants,S,F,V,T,S,E,T,H,N,W,I,C,M,I,M,F,F,I,V,Y,S,L,F,M,T,Y,T,I,V,S,C,I,Q,G,P,A,L,A,I,A,10
A.A. 91 variants,S,F,V,T,S,E,T,H,N,Y,I,C,M,I,M,F,F,I,V,Y,S,L,F,M,T,Y,T,I,V,S,C,I,Q,G,P,A,L,A,I,A,10
A.A. 91 variants,S,F,V,T,S,E,T,H,N,F,S,C,M,I,M,F,F,I,V,Y,S,L,F,M,T,Y,T,I,V,S,C,I,Q,G,P,A,L,A,I,A,5
A.A. 91 variants,S,F,V,T,S,E,T,H,N,F,A,C,M,I,M,F,F,I,V,Y,S,L,F,M,T,Y,T,I,V,S,C,I,Q,G,P,A,L,A,I,A,10
A.A. 91 variants,S,F,V,T,S,E,T,H,N,F,C,C,M,I,M,F,F,I,V,Y,S,L,F,M,T,Y,T,I,V,S,C,I,Q,G,P,A,L,A,I,A,5
A.A. 91 variants,S,F,V,T,S,E,T,H,N,F,D,C,M,I,M,F,F,I,V,Y,S,L,F,M,T,Y,T,I,V,S,C,I,Q,G,P,A,L,A,I,A,15
A.A. 91 variants,S,F,V,T,S,E,T,H,N,F,E,C,M,I,M,F,F,I,V,Y,S,L,F,M,T,Y,T,I,V,S,C,I,Q,G,P,A,L,A,I,A,15
A.A. 91 variants,S,F,V,T,S,E,T,H,N,F,F,C,M,I,M,F,F,I,V,Y,S,L,F,M,T,Y,T,I,V,S,C,I,Q,G,P,A,L,A,I,A,10
A.A. 91 variants,S,F,V,T,S,E,T,H,N,F,G,C,M,I,M,F,F,I,V,Y,S,L,F,M,T,Y,T,I,V,S,C,I,Q,G,P,A,L,A,I,A,5
A.A. 91 variants,S,F,V,T,S,E,T,H,N,F,H,C,M,I,M,F,F,I,V,Y,S,L,F,M,T,Y,T,I,V,S,C,I,Q,G,P,A,L,A,I,A,0.1
A.A. 91 variants,S,F,V,T,S,E,T,H,N,F,K,C,M,I,M,F,F,I,V,Y,S,L,F,M,T,Y,T,I,V,S,C,I,Q,G,P,A,L,A,I,A,0.1
A.A. 91 variants,S,F,V,T,S,E,T,H,N,F,L,C,M,I,M,F,F,I,V,Y,S,L,F,M,T,Y,T,I,V,S,C,I,Q,G,P,A,L,A,I,A,10
A.A. 91 variants,S,F,V,T,S,E,T,H,N,F,M,C,M,I,M,F,F,I,V,Y,S,L,F,M,T,Y,T,I,V,S,C,I,Q,G,P,A,L,A,I,A,10
A.A. 91 variants,S,F,V,T,S,E,T,H,N,F,N,C,M,I,M,F,F,I,V,Y,S,L,F,M,T,Y,T,I,V,S,C,I,Q,G,P,A,L,A,I,A,5
A.A. 91 variants,S,F,V,T,S,E,T,H,N,F,P,C,M,I,M,F,F,I,V,Y,S,L,F,M,T,Y,T,I,V,S,C,I,Q,G,P,A,L,A,I,A,5
A.A. 91 variants,S,F,V,T,S,E,T,H,N,F,Q,C,M,I,M,F,F,I,V,Y,S,L,F,M,T,Y,T,I,V,S,C,I,Q,G,P,A,L,A,I,A,5
A.A. 91 variants,S,F,V,T,S,E,T,H,N,F,R,C,M,I,M,F,F,I,V,Y,S,L,F,M,T,Y,T,I,V,S,C,I,Q,G,P,A,L,A,I,A,0.1
A.A. 91 variants,S,F,V,T,S,E,T,H,N,F,T,C,M,I,M,F,F,I,V,Y,S,L,F,M,T,Y,T,I,V,S,C,I,Q,G,P,A,L,A,I,A,5
A.A. 91 variants,S,F,V,T,S,E,T,H,N,F,V,C,M,I,M,F,F,I,V,Y,S,L,F,M,T,Y,T,I,V,S,C,I,Q,G,P,A,L,A,I,A,10
A.A. 91 variants,S,F,V,T,S,E,T,H,N,F,W,C,M,I,M,F,F,I,V,Y,S,L,F,M,T,Y,T,I,V,S,C,I,Q,G,P,A,L,A,I,A,10
A.A. 91 variants,S,F,V,T,S,E,T,H,N,F,Y,C,M,I,M,F,F,I,V,Y,S,L,F,M,T,Y,T,I,V,S,C,I,Q,G,P,A,L,A,I,A,10
A.A. 91 variants,S,F,V,T,S,E,T,H,N,F,I,S,M,I,M,F,F,I,V,Y,S,L,F,M,T,Y,T,I,V,S,C,I,Q,G,P,A,L,A,I,A,5
A.A. 91 variants,S,F,V,T,S,E,T,H,N,F,I,A,M,I,M,F,F,I,V,Y,S,L,F,M,T,Y,T,I,V,S,C,I,Q,G,P,A,L,A,I,A,10
A.A. 91 variants,S,F,V,T,S,E,T,H,N,F,I,D,M,I,M,F,F,I,V,Y,S,L,F,M,T,Y,T,I,V,S,C,I,Q,G,P,A,L,A,I,A,15
A.A. 91 variants,S,F,V,T,S,E,T,H,N,F,I,E,M,I,M,F,F,I,V,Y,S,L,F,M,T,Y,T,I,V,S,C,I,Q,G,P,A,L,A,I,A,15
A.A. 91 variants,S,F,V,T,S,E,T,H,N,F,I,F,M,I,M,F,F,I,V,Y,S,L,F,M,T,Y,T,I,V,S,C,I,Q,G,P,A,L,A,I,A,10
A.A. 91 variants,S,F,V,T,S,E,T,H,N,F,I,G,M,I,M,F,F,I,V,Y,S,L,F,M,T,Y,T,I,V,S,C,I,Q,G,P,A,L,A,I,A,5
A.A. 91 variants,S,F,V,T,S,E,T,H,N,F,I,H,M,I,M,F,F,I,V,Y,S,L,F,M,T,Y,T,I,V,S,C,I,Q,G,P,A,L,A,I,A,0.1
A.A. 91 variants,S,F,V,T,S,E,T,H,N,F,I,I,M,I,M,F,F,I,V,Y,S,L,F,M,T,Y,T,I,V,S,C,I,Q,G,P,A,L,A,I,A,10
A.A. 91 variants,S,F,V,T,S,E,T,H,N,F,I,K,M,I,M,F,F,I,V,Y,S,L,F,M,T,Y,T,I,V,S,C,I,Q,G,P,A,L,A,I,A,0.1
A.A. 91 variants,S,F,V,T,S,E,T,H,N,F,I,L,M,I,M,F,F,I,V,Y,S,L,F,M,T,Y,T,I,V,S,C,I,Q,G,P,A,L,A,I,A,10
A.A. 91 variants,S,F,V,T,S,E,T,H,N,F,I,M,M,I,M,F,F,I,V,Y,S,L,F,M,T,Y,T,I,V,S,C,I,Q,G,P,A,L,A,I,A,10
A.A. 91 variants,S,F,V,T,S,E,T,H,N,F,I,N,M,I,M,F,F,I,V,Y,S,L,F,M,T,Y,T,I,V,S,C,I,Q,G,P,A,L,A,I,A,5
A.A. 91 variants,S,F,V,T,S,E,T,H,N,F,I,P,M,I,M,F,F,I,V,Y,S,L,F,M,T,Y,T,I,V,S,C,I,Q,G,P,A,L,A,I,A,5
A.A. 91 variants,S,F,V,T,S,E,T,H,N,F,I,Q,M,I,M,F,F,I,V,Y,S,L,F,M,T,Y,T,I,V,S,C,I,Q,G,P,A,L,A,I,A,5
A.A. 91 variants,S,F,V,T,S,E,T,H,N,F,I,R,M,I,M,F,F,I,V,Y,S,L,F,M,T,Y,T,I,V,S,C,I,Q,G,P,A,L,A,I,A,0.1
A.A. 91 variants,S,F,V,T,S,E,T,H,N,F,I,T,M,I,M,F,F,I,V,Y,S,L,F,M,T,Y,T,I,V,S,C,I,Q,G,P,A,L,A,I,A,5
A.A. 91 variants,S,F,V,T,S,E,T,H,N,F,I,V,M,I,M,F,F,I,V,Y,S,L,F,M,T,Y,T,I,V,S,C,I,Q,G,P,A,L,A,I,A,10
A.A. 91 variants,S,F,V,T,S,E,T,H,N,F,I,W,M,I,M,F,F,I,V,Y,S,L,F,M,T,Y,T,I,V,S,C,I,Q,G,P,A,L,A,I,A,10
A.A. 91 variants,S,F,V,T,S,E,T,H,N,F,I,Y,M,I,M,F,F,I,V,Y,S,L,F,M,T,Y,T,I,V,S,C,I,Q,G,P,A,L,A,I,A,10
A.A. 91 variants,S,F,V,T,S,E,T,H,N,F,I,C,S,I,M,F,F,I,V,Y,S,L,F,M,T,Y,T,I,V,S,C,I,Q,G,P,A,L,A,I,A,5
A.A. 91 variants,S,F,V,T,S,E,T,H,N,F,I,C,A,I,M,F,F,I,V,Y,S,L,F,M,T,Y,T,I,V,S,C,I,Q,G,P,A,L,A,I,A,10
A.A. 91 variants,S,F,V,T,S,E,T,H,N,F,I,C,C,I,M,F,F,I,V,Y,S,L,F,M,T,Y,T,I,V,S,C,I,Q,G,P,A,L,A,I,A,5
A.A. 91 variants,S,F,V,T,S,E,T,H,N,F,I,C,D,I,M,F,F,I,V,Y,S,L,F,M,T,Y,T,I,V,S,C,I,Q,G,P,A,L,A,I,A,15
A.A. 91 variants,S,F,V,T,S,E,T,H,N,F,I,C,E,I,M,F,F,I,V,Y,S,L,F,M,T,Y,T,I,V,S,C,I,Q,G,P,A,L,A,I,A,15
A.A. 91 variants,S,F,V,T,S,E,T,H,N,F,I,C,F,I,M,F,F,I,V,Y,S,L,F,M,T,Y,T,I,V,S,C,I,Q,G,P,A,L,A,I,A,10
A.A. 91 variants,S,F,V,T,S,E,T,H,N,F,I,C,G,I,M,F,F,I,V,Y,S,L,F,M,T,Y,T,I,V,S,C,I,Q,G,P,A,L,A,I,A,5
A.A. 91 variants,S,F,V,T,S,E,T,H,N,F,I,C,H,I,M,F,F,I,V,Y,S,L,F,M,T,Y,T,I,V,S,C,I,Q,G,P,A,L,A,I,A,0.1
A.A. 91 variants,S,F,V,T,S,E,T,H,N,F,I,C,I,I,M,F,F,I,V,Y,S,L,F,M,T,Y,T,I,V,S,C,I,Q,G,P,A,L,A,I,A,10
A.A. 91 variants,S,F,V,T,S,E,T,H,N,F,I,C,K,I,M,F,F,I,V,Y,S,L,F,M,T,Y,T,I,V,S,C,I,Q,G,P,A,L,A,I,A,0.1
A.A. 91 variants,S,F,V,T,S,E,T,H,N,F,I,C,L,I,M,F,F,I,V,Y,S,L,F,M,T,Y,T,I,V,S,C,I,Q,G,P,A,L,A,I,A,10
A.A. 91 variants,S,F,V,T,S,E,T,H,N,F,I,C,N,I,M,F,F,I,V,Y,S,L,F,M,T,Y,T,I,V,S,C,I,Q,G,P,A,L,A,I,A,5
A.A. 91 variants,S,F,V,T,S,E,T,H,N,F,I,C,P,I,M,F,F,I,V,Y,S,L,F,M,T,Y,T,I,V,S,C,I,Q,G,P,A,L,A,I,A,5
A.A. 91 variants,S,F,V,T,S,E,T,H,N,F,I,C,Q,I,M,F,F,I,V,Y,S,L,F,M,T,Y,T,I,V,S,C,I,Q,G,P,A,L,A,I,A,5
A.A. 91 variants,S,F,V,T,S,E,T,H,N,F,I,C,R,I,M,F,F,I,V,Y,S,L,F,M,T,Y,T,I,V,S,C,I,Q,G,P,A,L,A,I,A,0.1
A.A. 91 variants,S,F,V,T,S,E,T,H,N,F,I,C,T,I,M,F,F,I,V,Y,S,L,F,M,T,Y,T,I,V,S,C,I,Q,G,P,A,L,A,I,A,5
A.A. 91 variants,S,F,V,T,S,E,T,H,N,F,I,C,V,I,M,F,F,I,V,Y,S,L,F,M,T,Y,T,I,V,S,C,I,Q,G,P,A,L,A,I,A,10
A.A. 91 variants,S,F,V,T,S,E,T,H,N,F,I,C,W,I,M,F,F,I,V,Y,S,L,F,M,T,Y,T,I,V,S,C,I,Q,G,P,A,L,A,I,A,10
A.A. 91 variants,S,F,V,T,S,E,T,H,N,F,I,C,Y,I,M,F,F,I,V,Y,S,L,F,M,T,Y,T,I,V,S,C,I,Q,G,P,A,L,A,I,A,10
A.A. 91 variants,S,F,V,T,S,E,T,H,N,F,I,C,M,S,M,F,F,I,V,Y,S,L,F,M,T,Y,T,I,V,S,C,I,Q,G,P,A,L,A,I,A,5
A.A. 91 variants,S,F,V,T,S,E,T,H,N,F,I,C,M,A,M,F,F,I,V,Y,S,L,F,M,T,Y,T,I,V,S,C,I,Q,G,P,A,L,A,I,A,10
A.A. 91 variants,S,F,V,T,S,E,T,H,N,F,I,C,M,C,M,F,F,I,V,Y,S,L,F,M,T,Y,T,I,V,S,C,I,Q,G,P,A,L,A,I,A,5
A.A. 91 variants,S,F,V,T,S,E,T,H,N,F,I,C,M,D,M,F,F,I,V,Y,S,L,F,M,T,Y,T,I,V,S,C,I,Q,G,P,A,L,A,I,A,15
A.A. 91 variants,S,F,V,T,S,E,T,H,N,F,I,C,M,E,M,F,F,I,V,Y,S,L,F,M,T,Y,T,I,V,S,C,I,Q,G,P,A,L,A,I,A,15
A.A. 91 variants,S,F,V,T,S,E,T,H,N,F,I,C,M,F,M,F,F,I,V,Y,S,L,F,M,T,Y,T,I,V,S,C,I,Q,G,P,A,L,A,I,A,10
A.A. 91 variants,S,F,V,T,S,E,T,H,N,F,I,C,M,G,M,F,F,I,V,Y,S,L,F,M,T,Y,T,I,V,S,C,I,Q,G,P,A,L,A,I,A,5
A.A. 91 variants,S,F,V,T,S,E,T,H,N,F,I,C,M,H,M,F,F,I,V,Y,S,L,F,M,T,Y,T,I,V,S,C,I,Q,G,P,A,L,A,I,A,0.1
A.A. 91 variants,S,F,V,T,S,E,T,H,N,F,I,C,M,K,M,F,F,I,V,Y,S,L,F,M,T,Y,T,I,V,S,C,I,Q,G,P,A,L,A,I,A,0.1
A.A. 91 variants,S,F,V,T,S,E,T,H,N,F,I,C,M,L,M,F,F,I,V,Y,S,L,F,M,T,Y,T,I,V,S,C,I,Q,G,P,A,L,A,I,A,10
A.A. 91 variants,S,F,V,T,S,E,T,H,N,F,I,C,M,M,M,F,F,I,V,Y,S,L,F,M,T,Y,T,I,V,S,C,I,Q,G,P,A,L,A,I,A,10
A.A. 91 variants,S,F,V,T,S,E,T,H,N,F,I,C,M,N,M,F,F,I,V,Y,S,L,F,M,T,Y,T,I,V,S,C,I,Q,G,P,A,L,A,I,A,5
A.A. 91 variants,S,F,V,T,S,E,T,H,N,F,I,C,M,P,M,F,F,I,V,Y,S,L,F,M,T,Y,T,I,V,S,C,I,Q,G,P,A,L,A,I,A,5
A.A. 91 variants,S,F,V,T,S,E,T,H,N,F,I,C,M,Q,M,F,F,I,V,Y,S,L,F,M,T,Y,T,I,V,S,C,I,Q,G,P,A,L,A,I,A,5
A.A. 91 variants,S,F,V,T,S,E,T,H,N,F,I,C,M,R,M,F,F,I,V,Y,S,L,F,M,T,Y,T,I,V,S,C,I,Q,G,P,A,L,A,I,A,0.1
A.A. 91 variants,S,F,V,T,S,E,T,H,N,F,I,C,M,T,M,F,F,I,V,Y,S,L,F,M,T,Y,T,I,V,S,C,I,Q,G,P,A,L,A,I,A,5
A.A. 91 variants,S,F,V,T,S,E,T,H,N,F,I,C,M,V,M,F,F,I,V,Y,S,L,F,M,T,Y,T,I,V,S,C,I,Q,G,P,A,L,A,I,A,10
A.A. 91 variants,S,F,V,T,S,E,T,H,N,F,I,C,M,W,M,F,F,I,V,Y,S,L,F,M,T,Y,T,I,V,S,C,I,Q,G,P,A,L,A,I,A,10
A.A. 91 variants,S,F,V,T,S,E,T,H,N,F,I,C,M,Y,M,F,F,I,V,Y,S,L,F,M,T,Y,T,I,V,S,C,I,Q,G,P,A,L,A,I,A,10
A.A. 91 variants,S,F,V,T,S,E,T,H,N,F,I,C,M,I,S,F,F,I,V,Y,S,L,F,M,T,Y,T,I,V,S,C,I,Q,G,P,A,L,A,I,A,5
A.A. 91 variants,S,F,V,T,S,E,T,H,N,F,I,C,M,I,A,F,F,I,V,Y,S,L,F,M,T,Y,T,I,V,S,C,I,Q,G,P,A,L,A,I,A,10
A.A. 91 variants,S,F,V,T,S,E,T,H,N,F,I,C,M,I,C,F,F,I,V,Y,S,L,F,M,T,Y,T,I,V,S,C,I,Q,G,P,A,L,A,I,A,5
A.A. 91 variants,S,F,V,T,S,E,T,H,N,F,I,C,M,I,D,F,F,I,V,Y,S,L,F,M,T,Y,T,I,V,S,C,I,Q,G,P,A,L,A,I,A,15
A.A. 91 variants,S,F,V,T,S,E,T,H,N,F,I,C,M,I,E,F,F,I,V,Y,S,L,F,M,T,Y,T,I,V,S,C,I,Q,G,P,A,L,A,I,A,15
A.A. 91 variants,S,F,V,T,S,E,T,H,N,F,I,C,M,I,F,F,F,I,V,Y,S,L,F,M,T,Y,T,I,V,S,C,I,Q,G,P,A,L,A,I,A,10
A.A. 91 variants,S,F,V,T,S,E,T,H,N,F,I,C,M,I,G,F,F,I,V,Y,S,L,F,M,T,Y,T,I,V,S,C,I,Q,G,P,A,L,A,I,A,5
A.A. 91 variants,S,F,V,T,S,E,T,H,N,F,I,C,M,I,H,F,F,I,V,Y,S,L,F,M,T,Y,T,I,V,S,C,I,Q,G,P,A,L,A,I,A,0.1
A.A. 91 variants,S,F,V,T,S,E,T,H,N,F,I,C,M,I,I,F,F,I,V,Y,S,L,F,M,T,Y,T,I,V,S,C,I,Q,G,P,A,L,A,I,A,10
A.A. 91 variants,S,F,V,T,S,E,T,H,N,F,I,C,M,I,K,F,F,I,V,Y,S,L,F,M,T,Y,T,I,V,S,C,I,Q,G,P,A,L,A,I,A,0.1
A.A. 91 variants,S,F,V,T,S,E,T,H,N,F,I,C,M,I,L,F,F,I,V,Y,S,L,F,M,T,Y,T,I,V,S,C,I,Q,G,P,A,L,A,I,A,10
A.A. 91 variants,S,F,V,T,S,E,T,H,N,F,I,C,M,I,N,F,F,I,V,Y,S,L,F,M,T,Y,T,I,V,S,C,I,Q,G,P,A,L,A,I,A,5
A.A. 91 variants,S,F,V,T,S,E,T,H,N,F,I,C,M,I,P,F,F,I,V,Y,S,L,F,M,T,Y,T,I,V,S,C,I,Q,G,P,A,L,A,I,A,5
A.A. 91 variants,S,F,V,T,S,E,T,H,N,F,I,C,M,I,Q,F,F,I,V,Y,S,L,F,M,T,Y,T,I,V,S,C,I,Q,G,P,A,L,A,I,A,5
A.A. 91 variants,S,F,V,T,S,E,T,H,N,F,I,C,M,I,R,F,F,I,V,Y,S,L,F,M,T,Y,T,I,V,S,C,I,Q,G,P,A,L,A,I,A,0.1
A.A. 91 variants,S,F,V,T,S,E,T,H,N,F,I,C,M,I,T,F,F,I,V,Y,S,L,F,M,T,Y,T,I,V,S,C,I,Q,G,P,A,L,A,I,A,5
A.A. 91 variants,S,F,V,T,S,E,T,H,N,F,I,C,M,I,V,F,F,I,V,Y,S,L,F,M,T,Y,T,I,V,S,C,I,Q,G,P,A,L,A,I,A,10
A.A. 91 variants,S,F,V,T,S,E,T,H,N,F,I,C,M,I,W,F,F,I,V,Y,S,L,F,M,T,Y,T,I,V,S,C,I,Q,G,P,A,L,A,I,A,10
A.A. 91 variants,S,F,V,T,S,E,T,H,N,F,I,C,M,I,Y,F,F,I,V,Y,S,L,F,M,T,Y,T,I,V,S,C,I,Q,G,P,A,L,A,I,A,10
A.A. 91 variants,S,F,V,T,S,E,T,H,N,F,I,C,M,I,M,S,F,I,V,Y,S,L,F,M,T,Y,T,I,V,S,C,I,Q,G,P,A,L,A,I,A,5
A.A. 91 variants,S,F,V,T,S,E,T,H,N,F,I,C,M,I,M,A,F,I,V,Y,S,L,F,M,T,Y,T,I,V,S,C,I,Q,G,P,A,L,A,I,A,10
A.A. 91 variants,S,F,V,T,S,E,T,H,N,F,I,C,M,I,M,C,F,I,V,Y,S,L,F,M,T,Y,T,I,V,S,C,I,Q,G,P,A,L,A,I,A,5
A.A. 91 variants,S,F,V,T,S,E,T,H,N,F,I,C,M,I,M,D,F,I,V,Y,S,L,F,M,T,Y,T,I,V,S,C,I,Q,G,P,A,L,A,I,A,15
A.A. 91 variants,S,F,V,T,S,E,T,H,N,F,I,C,M,I,M,E,F,I,V,Y,S,L,F,M,T,Y,T,I,V,S,C,I,Q,G,P,A,L,A,I,A,15
A.A. 91 variants,S,F,V,T,S,E,T,H,N,F,I,C,M,I,M,G,F,I,V,Y,S,L,F,M,T,Y,T,I,V,S,C,I,Q,G,P,A,L,A,I,A,5
A.A. 91 variants,S,F,V,T,S,E,T,H,N,F,I,C,M,I,M,H,F,I,V,Y,S,L,F,M,T,Y,T,I,V,S,C,I,Q,G,P,A,L,A,I,A,0.1
A.A. 91 variants,S,F,V,T,S,E,T,H,N,F,I,C,M,I,M,I,F,I,V,Y,S,L,F,M,T,Y,T,I,V,S,C,I,Q,G,P,A,L,A,I,A,10
A.A. 91 variants,S,F,V,T,S,E,T,H,N,F,I,C,M,I,M,K,F,I,V,Y,S,L,F,M,T,Y,T,I,V,S,C,I,Q,G,P,A,L,A,I,A,0.1
A.A. 91 variants,S,F,V,T,S,E,T,H,N,F,I,C,M,I,M,L,F,I,V,Y,S,L,F,M,T,Y,T,I,V,S,C,I,Q,G,P,A,L,A,I,A,10
A.A. 91 variants,S,F,V,T,S,E,T,H,N,F,I,C,M,I,M,M,F,I,V,Y,S,L,F,M,T,Y,T,I,V,S,C,I,Q,G,P,A,L,A,I,A,10
A.A. 91 variants,S,F,V,T,S,E,T,H,N,F,I,C,M,I,M,N,F,I,V,Y,S,L,F,M,T,Y,T,I,V,S,C,I,Q,G,P,A,L,A,I,A,5
A.A. 91 variants,S,F,V,T,S,E,T,H,N,F,I,C,M,I,M,P,F,I,V,Y,S,L,F,M,T,Y,T,I,V,S,C,I,Q,G,P,A,L,A,I,A,5
A.A. 91 variants,S,F,V,T,S,E,T,H,N,F,I,C,M,I,M,Q,F,I,V,Y,S,L,F,M,T,Y,T,I,V,S,C,I,Q,G,P,A,L,A,I,A,5
A.A. 91 variants,S,F,V,T,S,E,T,H,N,F,I,C,M,I,M,R,F,I,V,Y,S,L,F,M,T,Y,T,I,V,S,C,I,Q,G,P,A,L,A,I,A,0.1
A.A. 91 variants,S,F,V,T,S,E,T,H,N,F,I,C,M,I,M,T,F,I,V,Y,S,L,F,M,T,Y,T,I,V,S,C,I,Q,G,P,A,L,A,I,A,5
A.A. 91 variants,S,F,V,T,S,E,T,H,N,F,I,C,M,I,M,V,F,I,V,Y,S,L,F,M,T,Y,T,I,V,S,C,I,Q,G,P,A,L,A,I,A,10
A.A. 91 variants,S,F,V,T,S,E,T,H,N,F,I,C,M,I,M,W,F,I,V,Y,S,L,F,M,T,Y,T,I,V,S,C,I,Q,G,P,A,L,A,I,A,10
A.A. 91 variants,S,F,V,T,S,E,T,H,N,F,I,C,M,I,M,Y,F,I,V,Y,S,L,F,M,T,Y,T,I,V,S,C,I,Q,G,P,A,L,A,I,A,10
A.A. 91 variants,S,F,V,T,S,E,T,H,N,F,I,C,M,I,M,F,S,I,V,Y,S,L,F,M,T,Y,T,I,V,S,C,I,Q,G,P,A,L,A,I,A,5
A.A. 91 variants,S,F,V,T,S,E,T,H,N,F,I,C,M,I,M,F,A,I,V,Y,S,L,F,M,T,Y,T,I,V,S,C,I,Q,G,P,A,L,A,I,A,10
A.A. 91 variants,S,F,V,T,S,E,T,H,N,F,I,C,M,I,M,F,C,I,V,Y,S,L,F,M,T,Y,T,I,V,S,C,I,Q,G,P,A,L,A,I,A,5
A.A. 91 variants,S,F,V,T,S,E,T,H,N,F,I,C,M,I,M,F,D,I,V,Y,S,L,F,M,T,Y,T,I,V,S,C,I,Q,G,P,A,L,A,I,A,15
A.A. 91 variants,S,F,V,T,S,E,T,H,N,F,I,C,M,I,M,F,E,I,V,Y,S,L,F,M,T,Y,T,I,V,S,C,I,Q,G,P,A,L,A,I,A,15
A.A. 91 variants,S,F,V,T,S,E,T,H,N,F,I,C,M,I,M,F,G,I,V,Y,S,L,F,M,T,Y,T,I,V,S,C,I,Q,G,P,A,L,A,I,A,5
A.A. 91 variants,S,F,V,T,S,E,T,H,N,F,I,C,M,I,M,F,H,I,V,Y,S,L,F,M,T,Y,T,I,V,S,C,I,Q,G,P,A,L,A,I,A,0.1
A.A. 91 variants,S,F,V,T,S,E,T,H,N,F,I,C,M,I,M,F,I,I,V,Y,S,L,F,M,T,Y,T,I,V,S,C,I,Q,G,P,A,L,A,I,A,10
A.A. 91 variants,S,F,V,T,S,E,T,H,N,F,I,C,M,I,M,F,K,I,V,Y,S,L,F,M,T,Y,T,I,V,S,C,I,Q,G,P,A,L,A,I,A,0.1
A.A. 91 variants,S,F,V,T,S,E,T,H,N,F,I,C,M,I,M,F,L,I,V,Y,S,L,F,M,T,Y,T,I,V,S,C,I,Q,G,P,A,L,A,I,A,10
A.A. 91 variants,S,F,V,T,S,E,T,H,N,F,I,C,M,I,M,F,M,I,V,Y,S,L,F,M,T,Y,T,I,V,S,C,I,Q,G,P,A,L,A,I,A,10
A.A. 91 variants,S,F,V,T,S,E,T,H,N,F,I,C,M,I,M,F,N,I,V,Y,S,L,F,M,T,Y,T,I,V,S,C,I,Q,G,P,A,L,A,I,A,5
A.A. 91 variants,S,F,V,T,S,E,T,H,N,F,I,C,M,I,M,F,P,I,V,Y,S,L,F,M,T,Y,T,I,V,S,C,I,Q,G,P,A,L,A,I,A,5
A.A. 91 variants,S,F,V,T,S,E,T,H,N,F,I,C,M,I,M,F,Q,I,V,Y,S,L,F,M,T,Y,T,I,V,S,C,I,Q,G,P,A,L,A,I,A,5
A.A. 91 variants,S,F,V,T,S,E,T,H,N,F,I,C,M,I,M,F,R,I,V,Y,S,L,F,M,T,Y,T,I,V,S,C,I,Q,G,P,A,L,A,I,A,0.1
A.A. 91 variants,S,F,V,T,S,E,T,H,N,F,I,C,M,I,M,F,T,I,V,Y,S,L,F,M,T,Y,T,I,V,S,C,I,Q,G,P,A,L,A,I,A,5
A.A. 91 variants,S,F,V,T,S,E,T,H,N,F,I,C,M,I,M,F,V,I,V,Y,S,L,F,M,T,Y,T,I,V,S,C,I,Q,G,P,A,L,A,I,A,10
A.A. 91 variants,S,F,V,T,S,E,T,H,N,F,I,C,M,I,M,F,W,I,V,Y,S,L,F,M,T,Y,T,I,V,S,C,I,Q,G,P,A,L,A,I,A,10
A.A. 91 variants,S,F,V,T,S,E,T,H,N,F,I,C,M,I,M,F,Y,I,V,Y,S,L,F,M,T,Y,T,I,V,S,C,I,Q,G,P,A,L,A,I,A,10
A.A. 91 variants,S,F,V,T,S,E,T,H,N,F,I,C,M,I,M,F,F,S,V,Y,S,L,F,M,T,Y,T,I,V,S,C,I,Q,G,P,A,L,A,I,A,5
A.A. 91 variants,S,F,V,T,S,E,T,H,N,F,I,C,M,I,M,F,F,A,V,Y,S,L,F,M,T,Y,T,I,V,S,C,I,Q,G,P,A,L,A,I,A,10
A.A. 91 variants,S,F,V,T,S,E,T,H,N,F,I,C,M,I,M,F,F,C,V,Y,S,L,F,M,T,Y,T,I,V,S,C,I,Q,G,P,A,L,A,I,A,5
A.A. 91 variants,S,F,V,T,S,E,T,H,N,F,I,C,M,I,M,F,F,D,V,Y,S,L,F,M,T,Y,T,I,V,S,C,I,Q,G,P,A,L,A,I,A,15
A.A. 91 variants,S,F,V,T,S,E,T,H,N,F,I,C,M,I,M,F,F,E,V,Y,S,L,F,M,T,Y,T,I,V,S,C,I,Q,G,P,A,L,A,I,A,15
A.A. 91 variants,S,F,V,T,S,E,T,H,N,F,I,C,M,I,M,F,F,F,V,Y,S,L,F,M,T,Y,T,I,V,S,C,I,Q,G,P,A,L,A,I,A,10
A.A. 91 variants,S,F,V,T,S,E,T,H,N,F,I,C,M,I,M,F,F,G,V,Y,S,L,F,M,T,Y,T,I,V,S,C,I,Q,G,P,A,L,A,I,A,5
A.A. 91 variants,S,F,V,T,S,E,T,H,N,F,I,C,M,I,M,F,F,H,V,Y,S,L,F,M,T,Y,T,I,V,S,C,I,Q,G,P,A,L,A,I,A,0.1
A.A. 91 variants,S,F,V,T,S,E,T,H,N,F,I,C,M,I,M,F,F,K,V,Y,S,L,F,M,T,Y,T,I,V,S,C,I,Q,G,P,A,L,A,I,A,0.1
A.A. 91 variants,S,F,V,T,S,E,T,H,N,F,I,C,M,I,M,F,F,L,V,Y,S,L,F,M,T,Y,T,I,V,S,C,I,Q,G,P,A,L,A,I,A,10
A.A. 91 variants,S,F,V,T,S,E,T,H,N,F,I,C,M,I,M,F,F,M,V,Y,S,L,F,M,T,Y,T,I,V,S,C,I,Q,G,P,A,L,A,I,A,10
A.A. 91 variants,S,F,V,T,S,E,T,H,N,F,I,C,M,I,M,F,F,N,V,Y,S,L,F,M,T,Y,T,I,V,S,C,I,Q,G,P,A,L,A,I,A,5
A.A. 91 variants,S,F,V,T,S,E,T,H,N,F,I,C,M,I,M,F,F,P,V,Y,S,L,F,M,T,Y,T,I,V,S,C,I,Q,G,P,A,L,A,I,A,5
A.A. 91 variants,S,F,V,T,S,E,T,H,N,F,I,C,M,I,M,F,F,Q,V,Y,S,L,F,M,T,Y,T,I,V,S,C,I,Q,G,P,A,L,A,I,A,5
A.A. 91 variants,S,F,V,T,S,E,T,H,N,F,I,C,M,I,M,F,F,R,V,Y,S,L,F,M,T,Y,T,I,V,S,C,I,Q,G,P,A,L,A,I,A,0.1
A.A. 91 variants,S,F,V,T,S,E,T,H,N,F,I,C,M,I,M,F,F,T,V,Y,S,L,F,M,T,Y,T,I,V,S,C,I,Q,G,P,A,L,A,I,A,5
A.A. 91 variants,S,F,V,T,S,E,T,H,N,F,I,C,M,I,M,F,F,V,V,Y,S,L,F,M,T,Y,T,I,V,S,C,I,Q,G,P,A,L,A,I,A,10
A.A. 91 variants,S,F,V,T,S,E,T,H,N,F,I,C,M,I,M,F,F,W,V,Y,S,L,F,M,T,Y,T,I,V,S,C,I,Q,G,P,A,L,A,I,A,10
A.A. 91 variants,S,F,V,T,S,E,T,H,N,F,I,C,M,I,M,F,F,Y,V,Y,S,L,F,M,T,Y,T,I,V,S,C,I,Q,G,P,A,L,A,I,A,10
A.A. 91 variants,S,F,V,T,S,E,T,H,N,F,I,C,M,I,M,F,F,I,S,Y,S,L,F,M,T,Y,T,I,V,S,C,I,Q,G,P,A,L,A,I,A,5
A.A. 91 variants,S,F,V,T,S,E,T,H,N,F,I,C,M,I,M,F,F,I,A,Y,S,L,F,M,T,Y,T,I,V,S,C,I,Q,G,P,A,L,A,I,A,10
A.A. 91 variants,S,F,V,T,S,E,T,H,N,F,I,C,M,I,M,F,F,I,C,Y,S,L,F,M,T,Y,T,I,V,S,C,I,Q,G,P,A,L,A,I,A,5
A.A. 91 variants,S,F,V,T,S,E,T,H,N,F,I,C,M,I,M,F,F,I,D,Y,S,L,F,M,T,Y,T,I,V,S,C,I,Q,G,P,A,L,A,I,A,15
A.A. 91 variants,S,F,V,T,S,E,T,H,N,F,I,C,M,I,M,F,F,I,E,Y,S,L,F,M,T,Y,T,I,V,S,C,I,Q,G,P,A,L,A,I,A,15
A.A. 91 variants,S,F,V,T,S,E,T,H,N,F,I,C,M,I,M,F,F,I,F,Y,S,L,F,M,T,Y,T,I,V,S,C,I,Q,G,P,A,L,A,I,A,10
A.A. 91 variants,S,F,V,T,S,E,T,H,N,F,I,C,M,I,M,F,F,I,G,Y,S,L,F,M,T,Y,T,I,V,S,C,I,Q,G,P,A,L,A,I,A,5
A.A. 91 variants,S,F,V,T,S,E,T,H,N,F,I,C,M,I,M,F,F,I,H,Y,S,L,F,M,T,Y,T,I,V,S,C,I,Q,G,P,A,L,A,I,A,0.1
A.A. 91 variants,S,F,V,T,S,E,T,H,N,F,I,C,M,I,M,F,F,I,I,Y,S,L,F,M,T,Y,T,I,V,S,C,I,Q,G,P,A,L,A,I,A,10
A.A. 91 variants,S,F,V,T,S,E,T,H,N,F,I,C,M,I,M,F,F,I,K,Y,S,L,F,M,T,Y,T,I,V,S,C,I,Q,G,P,A,L,A,I,A,0.1
A.A. 91 variants,S,F,V,T,S,E,T,H,N,F,I,C,M,I,M,F,F,I,L,Y,S,L,F,M,T,Y,T,I,V,S,C,I,Q,G,P,A,L,A,I,A,10
A.A. 91 variants,S,F,V,T,S,E,T,H,N,F,I,C,M,I,M,F,F,I,M,Y,S,L,F,M,T,Y,T,I,V,S,C,I,Q,G,P,A,L,A,I,A,10
A.A. 91 variants,S,F,V,T,S,E,T,H,N,F,I,C,M,I,M,F,F,I,N,Y,S,L,F,M,T,Y,T,I,V,S,C,I,Q,G,P,A,L,A,I,A,5
A.A. 91 variants,S,F,V,T,S,E,T,H,N,F,I,C,M,I,M,F,F,I,P,Y,S,L,F,M,T,Y,T,I,V,S,C,I,Q,G,P,A,L,A,I,A,5
A.A. 91 variants,S,F,V,T,S,E,T,H,N,F,I,C,M,I,M,F,F,I,Q,Y,S,L,F,M,T,Y,T,I,V,S,C,I,Q,G,P,A,L,A,I,A,5
A.A. 91 variants,S,F,V,T,S,E,T,H,N,F,I,C,M,I,M,F,F,I,R,Y,S,L,F,M,T,Y,T,I,V,S,C,I,Q,G,P,A,L,A,I,A,0.1
A.A. 91 variants,S,F,V,T,S,E,T,H,N,F,I,C,M,I,M,F,F,I,T,Y,S,L,F,M,T,Y,T,I,V,S,C,I,Q,G,P,A,L,A,I,A,5
A.A. 91 variants,S,F,V,T,S,E,T,H,N,F,I,C,M,I,M,F,F,I,W,Y,S,L,F,M,T,Y,T,I,V,S,C,I,Q,G,P,A,L,A,I,A,10
A.A. 91 variants,S,F,V,T,S,E,T,H,N,F,I,C,M,I,M,F,F,I,Y,Y,S,L,F,M,T,Y,T,I,V,S,C,I,Q,G,P,A,L,A,I,A,10
A.A. 91 variants,S,F,V,T,S,E,T,H,N,F,I,C,M,I,M,F,F,I,V,S,S,L,F,M,T,Y,T,I,V,S,C,I,Q,G,P,A,L,A,I,A,5
A.A. 91 variants,S,F,V,T,S,E,T,H,N,F,I,C,M,I,M,F,F,I,V,A,S,L,F,M,T,Y,T,I,V,S,C,I,Q,G,P,A,L,A,I,A,10
A.A. 91 variants,S,F,V,T,S,E,T,H,N,F,I,C,M,I,M,F,F,I,V,C,S,L,F,M,T,Y,T,I,V,S,C,I,Q,G,P,A,L,A,I,A,5
A.A. 91 variants,S,F,V,T,S,E,T,H,N,F,I,C,M,I,M,F,F,I,V,D,S,L,F,M,T,Y,T,I,V,S,C,I,Q,G,P,A,L,A,I,A,15
A.A. 91 variants,S,F,V,T,S,E,T,H,N,F,I,C,M,I,M,F,F,I,V,E,S,L,F,M,T,Y,T,I,V,S,C,I,Q,G,P,A,L,A,I,A,15
A.A. 91 variants,S,F,V,T,S,E,T,H,N,F,I,C,M,I,M,F,F,I,V,F,S,L,F,M,T,Y,T,I,V,S,C,I,Q,G,P,A,L,A,I,A,10
A.A. 91 variants,S,F,V,T,S,E,T,H,N,F,I,C,M,I,M,F,F,I,V,G,S,L,F,M,T,Y,T,I,V,S,C,I,Q,G,P,A,L,A,I,A,5
A.A. 91 variants,S,F,V,T,S,E,T,H,N,F,I,C,M,I,M,F,F,I,V,H,S,L,F,M,T,Y,T,I,V,S,C,I,Q,G,P,A,L,A,I,A,0.1
A.A. 91 variants,S,F,V,T,S,E,T,H,N,F,I,C,M,I,M,F,F,I,V,I,S,L,F,M,T,Y,T,I,V,S,C,I,Q,G,P,A,L,A,I,A,10
A.A. 91 variants,S,F,V,T,S,E,T,H,N,F,I,C,M,I,M,F,F,I,V,K,S,L,F,M,T,Y,T,I,V,S,C,I,Q,G,P,A,L,A,I,A,0.1
A.A. 91 variants,S,F,V,T,S,E,T,H,N,F,I,C,M,I,M,F,F,I,V,L,S,L,F,M,T,Y,T,I,V,S,C,I,Q,G,P,A,L,A,I,A,10
A.A. 91 variants,S,F,V,T,S,E,T,H,N,F,I,C,M,I,M,F,F,I,V,M,S,L,F,M,T,Y,T,I,V,S,C,I,Q,G,P,A,L,A,I,A,10
A.A. 91 variants,S,F,V,T,S,E,T,H,N,F,I,C,M,I,M,F,F,I,V,N,S,L,F,M,T,Y,T,I,V,S,C,I,Q,G,P,A,L,A,I,A,5
A.A. 91 variants,S,F,V,T,S,E,T,H,N,F,I,C,M,I,M,F,F,I,V,P,S,L,F,M,T,Y,T,I,V,S,C,I,Q,G,P,A,L,A,I,A,5
A.A. 91 variants,S,F,V,T,S,E,T,H,N,F,I,C,M,I,M,F,F,I,V,Q,S,L,F,M,T,Y,T,I,V,S,C,I,Q,G,P,A,L,A,I,A,5
A.A. 91 variants,S,F,V,T,S,E,T,H,N,F,I,C,M,I,M,F,F,I,V,R,S,L,F,M,T,Y,T,I,V,S,C,I,Q,G,P,A,L,A,I,A,0.1
A.A. 91 variants,S,F,V,T,S,E,T,H,N,F,I,C,M,I,M,F,F,I,V,T,S,L,F,M,T,Y,T,I,V,S,C,I,Q,G,P,A,L,A,I,A,5
A.A. 91 variants,S,F,V,T,S,E,T,H,N,F,I,C,M,I,M,F,F,I,V,V,S,L,F,M,T,Y,T,I,V,S,C,I,Q,G,P,A,L,A,I,A,10
A.A. 91 variants,S,F,V,T,S,E,T,H,N,F,I,C,M,I,M,F,F,I,V,W,S,L,F,M,T,Y,T,I,V,S,C,I,Q,G,P,A,L,A,I,A,10
A.A. 91 variants,S,F,V,T,S,E,T,H,N,F,I,C,M,I,M,F,F,I,V,Y,A,L,F,M,T,Y,T,I,V,S,C,I,Q,G,P,A,L,A,I,A,10
A.A. 91 variants,S,F,V,T,S,E,T,H,N,F,I,C,M,I,M,F,F,I,V,Y,C,L,F,M,T,Y,T,I,V,S,C,I,Q,G,P,A,L,A,I,A,5
A.A. 91 variants,S,F,V,T,S,E,T,H,N,F,I,C,M,I,M,F,F,I,V,Y,D,L,F,M,T,Y,T,I,V,S,C,I,Q,G,P,A,L,A,I,A,15
A.A. 91 variants,S,F,V,T,S,E,T,H,N,F,I,C,M,I,M,F,F,I,V,Y,E,L,F,M,T,Y,T,I,V,S,C,I,Q,G,P,A,L,A,I,A,15
A.A. 91 variants,S,F,V,T,S,E,T,H,N,F,I,C,M,I,M,F,F,I,V,Y,F,L,F,M,T,Y,T,I,V,S,C,I,Q,G,P,A,L,A,I,A,10
A.A. 91 variants,S,F,V,T,S,E,T,H,N,F,I,C,M,I,M,F,F,I,V,Y,G,L,F,M,T,Y,T,I,V,S,C,I,Q,G,P,A,L,A,I,A,5
A.A. 91 variants,S,F,V,T,S,E,T,H,N,F,I,C,M,I,M,F,F,I,V,Y,H,L,F,M,T,Y,T,I,V,S,C,I,Q,G,P,A,L,A,I,A,0.1
A.A. 91 variants,S,F,V,T,S,E,T,H,N,F,I,C,M,I,M,F,F,I,V,Y,I,L,F,M,T,Y,T,I,V,S,C,I,Q,G,P,A,L,A,I,A,10
A.A. 91 variants,S,F,V,T,S,E,T,H,N,F,I,C,M,I,M,F,F,I,V,Y,K,L,F,M,T,Y,T,I,V,S,C,I,Q,G,P,A,L,A,I,A,0.1
A.A. 91 variants,S,F,V,T,S,E,T,H,N,F,I,C,M,I,M,F,F,I,V,Y,L,L,F,M,T,Y,T,I,V,S,C,I,Q,G,P,A,L,A,I,A,10
A.A. 91 variants,S,F,V,T,S,E,T,H,N,F,I,C,M,I,M,F,F,I,V,Y,M,L,F,M,T,Y,T,I,V,S,C,I,Q,G,P,A,L,A,I,A,10
A.A. 91 variants,S,F,V,T,S,E,T,H,N,F,I,C,M,I,M,F,F,I,V,Y,N,L,F,M,T,Y,T,I,V,S,C,I,Q,G,P,A,L,A,I,A,5
A.A. 91 variants,S,F,V,T,S,E,T,H,N,F,I,C,M,I,M,F,F,I,V,Y,P,L,F,M,T,Y,T,I,V,S,C,I,Q,G,P,A,L,A,I,A,5
A.A. 91 variants,S,F,V,T,S,E,T,H,N,F,I,C,M,I,M,F,F,I,V,Y,Q,L,F,M,T,Y,T,I,V,S,C,I,Q,G,P,A,L,A,I,A,5
A.A. 91 variants,S,F,V,T,S,E,T,H,N,F,I,C,M,I,M,F,F,I,V,Y,R,L,F,M,T,Y,T,I,V,S,C,I,Q,G,P,A,L,A,I,A,0.1
A.A. 91 variants,S,F,V,T,S,E,T,H,N,F,I,C,M,I,M,F,F,I,V,Y,T,L,F,M,T,Y,T,I,V,S,C,I,Q,G,P,A,L,A,I,A,5
A.A. 91 variants,S,F,V,T,S,E,T,H,N,F,I,C,M,I,M,F,F,I,V,Y,V,L,F,M,T,Y,T,I,V,S,C,I,Q,G,P,A,L,A,I,A,10
A.A. 91 variants,S,F,V,T,S,E,T,H,N,F,I,C,M,I,M,F,F,I,V,Y,W,L,F,M,T,Y,T,I,V,S,C,I,Q,G,P,A,L,A,I,A,10
A.A. 91 variants,S,F,V,T,S,E,T,H,N,F,I,C,M,I,M,F,F,I,V,Y,Y,L,F,M,T,Y,T,I,V,S,C,I,Q,G,P,A,L,A,I,A,10
A.A. 91 variants,S,F,V,T,S,E,T,H,N,F,I,C,M,I,M,F,F,I,V,Y,S,S,F,M,T,Y,T,I,V,S,C,I,Q,G,P,A,L,A,I,A,5
A.A. 91 variants,S,F,V,T,S,E,T,H,N,F,I,C,M,I,M,F,F,I,V,Y,S,A,F,M,T,Y,T,I,V,S,C,I,Q,G,P,A,L,A,I,A,10
A.A. 91 variants,S,F,V,T,S,E,T,H,N,F,I,C,M,I,M,F,F,I,V,Y,S,C,F,M,T,Y,T,I,V,S,C,I,Q,G,P,A,L,A,I,A,5
A.A. 91 variants,S,F,V,T,S,E,T,H,N,F,I,C,M,I,M,F,F,I,V,Y,S,D,F,M,T,Y,T,I,V,S,C,I,Q,G,P,A,L,A,I,A,15
A.A. 91 variants,S,F,V,T,S,E,T,H,N,F,I,C,M,I,M,F,F,I,V,Y,S,E,F,M,T,Y,T,I,V,S,C,I,Q,G,P,A,L,A,I,A,15
A.A. 91 variants,S,F,V,T,S,E,T,H,N,F,I,C,M,I,M,F,F,I,V,Y,S,F,F,M,T,Y,T,I,V,S,C,I,Q,G,P,A,L,A,I,A,10
A.A. 91 variants,S,F,V,T,S,E,T,H,N,F,I,C,M,I,M,F,F,I,V,Y,S,G,F,M,T,Y,T,I,V,S,C,I,Q,G,P,A,L,A,I,A,5
A.A. 91 variants,S,F,V,T,S,E,T,H,N,F,I,C,M,I,M,F,F,I,V,Y,S,H,F,M,T,Y,T,I,V,S,C,I,Q,G,P,A,L,A,I,A,0.1
A.A. 91 variants,S,F,V,T,S,E,T,H,N,F,I,C,M,I,M,F,F,I,V,Y,S,I,F,M,T,Y,T,I,V,S,C,I,Q,G,P,A,L,A,I,A,10
A.A. 91 variants,S,F,V,T,S,E,T,H,N,F,I,C,M,I,M,F,F,I,V,Y,S,K,F,M,T,Y,T,I,V,S,C,I,Q,G,P,A,L,A,I,A,0.1
A.A. 91 variants,S,F,V,T,S,E,T,H,N,F,I,C,M,I,M,F,F,I,V,Y,S,M,F,M,T,Y,T,I,V,S,C,I,Q,G,P,A,L,A,I,A,10
A.A. 91 variants,S,F,V,T,S,E,T,H,N,F,I,C,M,I,M,F,F,I,V,Y,S,N,F,M,T,Y,T,I,V,S,C,I,Q,G,P,A,L,A,I,A,5
A.A. 91 variants,S,F,V,T,S,E,T,H,N,F,I,C,M,I,M,F,F,I,V,Y,S,P,F,M,T,Y,T,I,V,S,C,I,Q,G,P,A,L,A,I,A,5
A.A. 91 variants,S,F,V,T,S,E,T,H,N,F,I,C,M,I,M,F,F,I,V,Y,S,Q,F,M,T,Y,T,I,V,S,C,I,Q,G,P,A,L,A,I,A,5
A.A. 91 variants,S,F,V,T,S,E,T,H,N,F,I,C,M,I,M,F,F,I,V,Y,S,R,F,M,T,Y,T,I,V,S,C,I,Q,G,P,A,L,A,I,A,0.1
A.A. 91 variants,S,F,V,T,S,E,T,H,N,F,I,C,M,I,M,F,F,I,V,Y,S,T,F,M,T,Y,T,I,V,S,C,I,Q,G,P,A,L,A,I,A,5
A.A. 91 variants,S,F,V,T,S,E,T,H,N,F,I,C,M,I,M,F,F,I,V,Y,S,V,F,M,T,Y,T,I,V,S,C,I,Q,G,P,A,L,A,I,A,10
A.A. 91 variants,S,F,V,T,S,E,T,H,N,F,I,C,M,I,M,F,F,I,V,Y,S,W,F,M,T,Y,T,I,V,S,C,I,Q,G,P,A,L,A,I,A,10
A.A. 91 variants,S,F,V,T,S,E,T,H,N,F,I,C,M,I,M,F,F,I,V,Y,S,Y,F,M,T,Y,T,I,V,S,C,I,Q,G,P,A,L,A,I,A,10
A.A. 91 variants,S,F,V,T,S,E,T,H,N,F,I,C,M,I,M,F,F,I,V,Y,S,L,S,M,T,Y,T,I,V,S,C,I,Q,G,P,A,L,A,I,A,5
A.A. 91 variants,S,F,V,T,S,E,T,H,N,F,I,C,M,I,M,F,F,I,V,Y,S,L,A,M,T,Y,T,I,V,S,C,I,Q,G,P,A,L,A,I,A,10
A.A. 91 variants,S,F,V,T,S,E,T,H,N,F,I,C,M,I,M,F,F,I,V,Y,S,L,C,M,T,Y,T,I,V,S,C,I,Q,G,P,A,L,A,I,A,5
A.A. 91 variants,S,F,V,T,S,E,T,H,N,F,I,C,M,I,M,F,F,I,V,Y,S,L,D,M,T,Y,T,I,V,S,C,I,Q,G,P,A,L,A,I,A,15
A.A. 91 variants,S,F,V,T,S,E,T,H,N,F,I,C,M,I,M,F,F,I,V,Y,S,L,E,M,T,Y,T,I,V,S,C,I,Q,G,P,A,L,A,I,A,15
A.A. 91 variants,S,F,V,T,S,E,T,H,N,F,I,C,M,I,M,F,F,I,V,Y,S,L,G,M,T,Y,T,I,V,S,C,I,Q,G,P,A,L,A,I,A,5
A.A. 91 variants,S,F,V,T,S,E,T,H,N,F,I,C,M,I,M,F,F,I,V,Y,S,L,H,M,T,Y,T,I,V,S,C,I,Q,G,P,A,L,A,I,A,0.1
A.A. 91 variants,S,F,V,T,S,E,T,H,N,F,I,C,M,I,M,F,F,I,V,Y,S,L,I,M,T,Y,T,I,V,S,C,I,Q,G,P,A,L,A,I,A,10
A.A. 91 variants,S,F,V,T,S,E,T,H,N,F,I,C,M,I,M,F,F,I,V,Y,S,L,K,M,T,Y,T,I,V,S,C,I,Q,G,P,A,L,A,I,A,0.1
A.A. 91 variants,S,F,V,T,S,E,T,H,N,F,I,C,M,I,M,F,F,I,V,Y,S,L,L,M,T,Y,T,I,V,S,C,I,Q,G,P,A,L,A,I,A,10
A.A. 91 variants,S,F,V,T,S,E,T,H,N,F,I,C,M,I,M,F,F,I,V,Y,S,L,M,M,T,Y,T,I,V,S,C,I,Q,G,P,A,L,A,I,A,10
A.A. 91 variants,S,F,V,T,S,E,T,H,N,F,I,C,M,I,M,F,F,I,V,Y,S,L,N,M,T,Y,T,I,V,S,C,I,Q,G,P,A,L,A,I,A,5
A.A. 91 variants,S,F,V,T,S,E,T,H,N,F,I,C,M,I,M,F,F,I,V,Y,S,L,P,M,T,Y,T,I,V,S,C,I,Q,G,P,A,L,A,I,A,5
A.A. 91 variants,S,F,V,T,S,E,T,H,N,F,I,C,M,I,M,F,F,I,V,Y,S,L,Q,M,T,Y,T,I,V,S,C,I,Q,G,P,A,L,A,I,A,5
A.A. 91 variants,S,F,V,T,S,E,T,H,N,F,I,C,M,I,M,F,F,I,V,Y,S,L,R,M,T,Y,T,I,V,S,C,I,Q,G,P,A,L,A,I,A,0.1
A.A. 91 variants,S,F,V,T,S,E,T,H,N,F,I,C,M,I,M,F,F,I,V,Y,S,L,T,M,T,Y,T,I,V,S,C,I,Q,G,P,A,L,A,I,A,5
A.A. 91 variants,S,F,V,T,S,E,T,H,N,F,I,C,M,I,M,F,F,I,V,Y,S,L,V,M,T,Y,T,I,V,S,C,I,Q,G,P,A,L,A,I,A,10
A.A. 91 variants,S,F,V,T,S,E,T,H,N,F,I,C,M,I,M,F,F,I,V,Y,S,L,W,M,T,Y,T,I,V,S,C,I,Q,G,P,A,L,A,I,A,10
A.A. 91 variants,S,F,V,T,S,E,T,H,N,F,I,C,M,I,M,F,F,I,V,Y,S,L,Y,M,T,Y,T,I,V,S,C,I,Q,G,P,A,L,A,I,A,10
A.A. 91 variants,S,F,V,T,S,E,T,H,N,F,I,C,M,I,M,F,F,I,V,Y,S,L,F,S,T,Y,T,I,V,S,C,I,Q,G,P,A,L,A,I,A,5
A.A. 91 variants,S,F,V,T,S,E,T,H,N,F,I,C,M,I,M,F,F,I,V,Y,S,L,F,A,T,Y,T,I,V,S,C,I,Q,G,P,A,L,A,I,A,10
A.A. 91 variants,S,F,V,T,S,E,T,H,N,F,I,C,M,I,M,F,F,I,V,Y,S,L,F,C,T,Y,T,I,V,S,C,I,Q,G,P,A,L,A,I,A,5
A.A. 91 variants,S,F,V,T,S,E,T,H,N,F,I,C,M,I,M,F,F,I,V,Y,S,L,F,D,T,Y,T,I,V,S,C,I,Q,G,P,A,L,A,I,A,15
A.A. 91 variants,S,F,V,T,S,E,T,H,N,F,I,C,M,I,M,F,F,I,V,Y,S,L,F,E,T,Y,T,I,V,S,C,I,Q,G,P,A,L,A,I,A,15
A.A. 91 variants,S,F,V,T,S,E,T,H,N,F,I,C,M,I,M,F,F,I,V,Y,S,L,F,F,T,Y,T,I,V,S,C,I,Q,G,P,A,L,A,I,A,10
A.A. 91 variants,S,F,V,T,S,E,T,H,N,F,I,C,M,I,M,F,F,I,V,Y,S,L,F,G,T,Y,T,I,V,S,C,I,Q,G,P,A,L,A,I,A,5
A.A. 91 variants,S,F,V,T,S,E,T,H,N,F,I,C,M,I,M,F,F,I,V,Y,S,L,F,H,T,Y,T,I,V,S,C,I,Q,G,P,A,L,A,I,A,0.1
A.A. 91 variants,S,F,V,T,S,E,T,H,N,F,I,C,M,I,M,F,F,I,V,Y,S,L,F,I,T,Y,T,I,V,S,C,I,Q,G,P,A,L,A,I,A,10
A.A. 91 variants,S,F,V,T,S,E,T,H,N,F,I,C,M,I,M,F,F,I,V,Y,S,L,F,K,T,Y,T,I,V,S,C,I,Q,G,P,A,L,A,I,A,0.1
A.A. 91 variants,S,F,V,T,S,E,T,H,N,F,I,C,M,I,M,F,F,I,V,Y,S,L,F,L,T,Y,T,I,V,S,C,I,Q,G,P,A,L,A,I,A,10
A.A. 91 variants,S,F,V,T,S,E,T,H,N,F,I,C,M,I,M,F,F,I,V,Y,S,L,F,N,T,Y,T,I,V,S,C,I,Q,G,P,A,L,A,I,A,5
A.A. 91 variants,S,F,V,T,S,E,T,H,N,F,I,C,M,I,M,F,F,I,V,Y,S,L,F,P,T,Y,T,I,V,S,C,I,Q,G,P,A,L,A,I,A,5
A.A. 91 variants,S,F,V,T,S,E,T,H,N,F,I,C,M,I,M,F,F,I,V,Y,S,L,F,Q,T,Y,T,I,V,S,C,I,Q,G,P,A,L,A,I,A,5
A.A. 91 variants,S,F,V,T,S,E,T,H,N,F,I,C,M,I,M,F,F,I,V,Y,S,L,F,R,T,Y,T,I,V,S,C,I,Q,G,P,A,L,A,I,A,0.1
A.A. 91 variants,S,F,V,T,S,E,T,H,N,F,I,C,M,I,M,F,F,I,V,Y,S,L,F,T,T,Y,T,I,V,S,C,I,Q,G,P,A,L,A,I,A,5
A.A. 91 variants,S,F,V,T,S,E,T,H,N,F,I,C,M,I,M,F,F,I,V,Y,S,L,F,V,T,Y,T,I,V,S,C,I,Q,G,P,A,L,A,I,A,10
A.A. 91 variants,S,F,V,T,S,E,T,H,N,F,I,C,M,I,M,F,F,I,V,Y,S,L,F,W,T,Y,T,I,V,S,C,I,Q,G,P,A,L,A,I,A,10
A.A. 91 variants,S,F,V,T,S,E,T,H,N,F,I,C,M,I,M,F,F,I,V,Y,S,L,F,Y,T,Y,T,I,V,S,C,I,Q,G,P,A,L,A,I,A,10
A.A. 91 variants,S,F,V,T,S,E,T,H,N,F,I,C,M,I,M,F,F,I,V,Y,S,L,F,M,S,Y,T,I,V,S,C,I,Q,G,P,A,L,A,I,A,5
A.A. 91 variants,S,F,V,T,S,E,T,H,N,F,I,C,M,I,M,F,F,I,V,Y,S,L,F,M,A,Y,T,I,V,S,C,I,Q,G,P,A,L,A,I,A,10
A.A. 91 variants,S,F,V,T,S,E,T,H,N,F,I,C,M,I,M,F,F,I,V,Y,S,L,F,M,C,Y,T,I,V,S,C,I,Q,G,P,A,L,A,I,A,5
A.A. 91 variants,S,F,V,T,S,E,T,H,N,F,I,C,M,I,M,F,F,I,V,Y,S,L,F,M,D,Y,T,I,V,S,C,I,Q,G,P,A,L,A,I,A,15
A.A. 91 variants,S,F,V,T,S,E,T,H,N,F,I,C,M,I,M,F,F,I,V,Y,S,L,F,M,E,Y,T,I,V,S,C,I,Q,G,P,A,L,A,I,A,15
A.A. 91 variants,S,F,V,T,S,E,T,H,N,F,I,C,M,I,M,F,F,I,V,Y,S,L,F,M,F,Y,T,I,V,S,C,I,Q,G,P,A,L,A,I,A,10
A.A. 91 variants,S,F,V,T,S,E,T,H,N,F,I,C,M,I,M,F,F,I,V,Y,S,L,F,M,G,Y,T,I,V,S,C,I,Q,G,P,A,L,A,I,A,5
A.A. 91 variants,S,F,V,T,S,E,T,H,N,F,I,C,M,I,M,F,F,I,V,Y,S,L,F,M,H,Y,T,I,V,S,C,I,Q,G,P,A,L,A,I,A,0.1
A.A. 91 variants,S,F,V,T,S,E,T,H,N,F,I,C,M,I,M,F,F,I,V,Y,S,L,F,M,I,Y,T,I,V,S,C,I,Q,G,P,A,L,A,I,A,10
A.A. 91 variants,S,F,V,T,S,E,T,H,N,F,I,C,M,I,M,F,F,I,V,Y,S,L,F,M,K,Y,T,I,V,S,C,I,Q,G,P,A,L,A,I,A,0.1
A.A. 91 variants,S,F,V,T,S,E,T,H,N,F,I,C,M,I,M,F,F,I,V,Y,S,L,F,M,L,Y,T,I,V,S,C,I,Q,G,P,A,L,A,I,A,10
A.A. 91 variants,S,F,V,T,S,E,T,H,N,F,I,C,M,I,M,F,F,I,V,Y,S,L,F,M,M,Y,T,I,V,S,C,I,Q,G,P,A,L,A,I,A,10
A.A. 91 variants,S,F,V,T,S,E,T,H,N,F,I,C,M,I,M,F,F,I,V,Y,S,L,F,M,N,Y,T,I,V,S,C,I,Q,G,P,A,L,A,I,A,5
A.A. 91 variants,S,F,V,T,S,E,T,H,N,F,I,C,M,I,M,F,F,I,V,Y,S,L,F,M,P,Y,T,I,V,S,C,I,Q,G,P,A,L,A,I,A,5
A.A. 91 variants,S,F,V,T,S,E,T,H,N,F,I,C,M,I,M,F,F,I,V,Y,S,L,F,M,Q,Y,T,I,V,S,C,I,Q,G,P,A,L,A,I,A,5
A.A. 91 variants,S,F,V,T,S,E,T,H,N,F,I,C,M,I,M,F,F,I,V,Y,S,L,F,M,R,Y,T,I,V,S,C,I,Q,G,P,A,L,A,I,A,0.1
A.A. 91 variants,S,F,V,T,S,E,T,H,N,F,I,C,M,I,M,F,F,I,V,Y,S,L,F,M,V,Y,T,I,V,S,C,I,Q,G,P,A,L,A,I,A,10
A.A. 91 variants,S,F,V,T,S,E,T,H,N,F,I,C,M,I,M,F,F,I,V,Y,S,L,F,M,W,Y,T,I,V,S,C,I,Q,G,P,A,L,A,I,A,10
A.A. 91 variants,S,F,V,T,S,E,T,H,N,F,I,C,M,I,M,F,F,I,V,Y,S,L,F,M,Y,Y,T,I,V,S,C,I,Q,G,P,A,L,A,I,A,10
A.A. 91 variants,S,F,V,T,S,E,T,H,N,F,I,C,M,I,M,F,F,I,V,Y,S,L,F,M,T,S,T,I,V,S,C,I,Q,G,P,A,L,A,I,A,5
A.A. 91 variants,S,F,V,T,S,E,T,H,N,F,I,C,M,I,M,F,F,I,V,Y,S,L,F,M,T,A,T,I,V,S,C,I,Q,G,P,A,L,A,I,A,10
A.A. 91 variants,S,F,V,T,S,E,T,H,N,F,I,C,M,I,M,F,F,I,V,Y,S,L,F,M,T,C,T,I,V,S,C,I,Q,G,P,A,L,A,I,A,5
A.A. 91 variants,S,F,V,T,S,E,T,H,N,F,I,C,M,I,M,F,F,I,V,Y,S,L,F,M,T,D,T,I,V,S,C,I,Q,G,P,A,L,A,I,A,15
A.A. 91 variants,S,F,V,T,S,E,T,H,N,F,I,C,M,I,M,F,F,I,V,Y,S,L,F,M,T,E,T,I,V,S,C,I,Q,G,P,A,L,A,I,A,15
A.A. 91 variants,S,F,V,T,S,E,T,H,N,F,I,C,M,I,M,F,F,I,V,Y,S,L,F,M,T,F,T,I,V,S,C,I,Q,G,P,A,L,A,I,A,10
A.A. 91 variants,S,F,V,T,S,E,T,H,N,F,I,C,M,I,M,F,F,I,V,Y,S,L,F,M,T,G,T,I,V,S,C,I,Q,G,P,A,L,A,I,A,5
A.A. 91 variants,S,F,V,T,S,E,T,H,N,F,I,C,M,I,M,F,F,I,V,Y,S,L,F,M,T,H,T,I,V,S,C,I,Q,G,P,A,L,A,I,A,0.1
A.A. 91 variants,S,F,V,T,S,E,T,H,N,F,I,C,M,I,M,F,F,I,V,Y,S,L,F,M,T,I,T,I,V,S,C,I,Q,G,P,A,L,A,I,A,10
A.A. 91 variants,S,F,V,T,S,E,T,H,N,F,I,C,M,I,M,F,F,I,V,Y,S,L,F,M,T,K,T,I,V,S,C,I,Q,G,P,A,L,A,I,A,0.1
A.A. 91 variants,S,F,V,T,S,E,T,H,N,F,I,C,M,I,M,F,F,I,V,Y,S,L,F,M,T,L,T,I,V,S,C,I,Q,G,P,A,L,A,I,A,10
A.A. 91 variants,S,F,V,T,S,E,T,H,N,F,I,C,M,I,M,F,F,I,V,Y,S,L,F,M,T,M,T,I,V,S,C,I,Q,G,P,A,L,A,I,A,10
A.A. 91 variants,S,F,V,T,S,E,T,H,N,F,I,C,M,I,M,F,F,I,V,Y,S,L,F,M,T,N,T,I,V,S,C,I,Q,G,P,A,L,A,I,A,5
A.A. 91 variants,S,F,V,T,S,E,T,H,N,F,I,C,M,I,M,F,F,I,V,Y,S,L,F,M,T,P,T,I,V,S,C,I,Q,G,P,A,L,A,I,A,5
A.A. 91 variants,S,F,V,T,S,E,T,H,N,F,I,C,M,I,M,F,F,I,V,Y,S,L,F,M,T,Q,T,I,V,S,C,I,Q,G,P,A,L,A,I,A,5
A.A. 91 variants,S,F,V,T,S,E,T,H,N,F,I,C,M,I,M,F,F,I,V,Y,S,L,F,M,T,R,T,I,V,S,C,I,Q,G,P,A,L,A,I,A,0.1
A.A. 91 variants,S,F,V,T,S,E,T,H,N,F,I,C,M,I,M,F,F,I,V,Y,S,L,F,M,T,T,T,I,V,S,C,I,Q,G,P,A,L,A,I,A,5
A.A. 91 variants,S,F,V,T,S,E,T,H,N,F,I,C,M,I,M,F,F,I,V,Y,S,L,F,M,T,V,T,I,V,S,C,I,Q,G,P,A,L,A,I,A,10
A.A. 91 variants,S,F,V,T,S,E,T,H,N,F,I,C,M,I,M,F,F,I,V,Y,S,L,F,M,T,W,T,I,V,S,C,I,Q,G,P,A,L,A,I,A,10
A.A. 91 variants,S,F,V,T,S,E,T,H,N,F,I,C,M,I,M,F,F,I,V,Y,S,L,F,M,T,Y,S,I,V,S,C,I,Q,G,P,A,L,A,I,A,5
A.A. 91 variants,S,F,V,T,S,E,T,H,N,F,I,C,M,I,M,F,F,I,V,Y,S,L,F,M,T,Y,A,I,V,S,C,I,Q,G,P,A,L,A,I,A,10
A.A. 91 variants,S,F,V,T,S,E,T,H,N,F,I,C,M,I,M,F,F,I,V,Y,S,L,F,M,T,Y,C,I,V,S,C,I,Q,G,P,A,L,A,I,A,5
A.A. 91 variants,S,F,V,T,S,E,T,H,N,F,I,C,M,I,M,F,F,I,V,Y,S,L,F,M,T,Y,D,I,V,S,C,I,Q,G,P,A,L,A,I,A,15
A.A. 91 variants,S,F,V,T,S,E,T,H,N,F,I,C,M,I,M,F,F,I,V,Y,S,L,F,M,T,Y,E,I,V,S,C,I,Q,G,P,A,L,A,I,A,15
A.A. 91 variants,S,F,V,T,S,E,T,H,N,F,I,C,M,I,M,F,F,I,V,Y,S,L,F,M,T,Y,F,I,V,S,C,I,Q,G,P,A,L,A,I,A,10
A.A. 91 variants,S,F,V,T,S,E,T,H,N,F,I,C,M,I,M,F,F,I,V,Y,S,L,F,M,T,Y,G,I,V,S,C,I,Q,G,P,A,L,A,I,A,5
A.A. 91 variants,S,F,V,T,S,E,T,H,N,F,I,C,M,I,M,F,F,I,V,Y,S,L,F,M,T,Y,H,I,V,S,C,I,Q,G,P,A,L,A,I,A,0.1
A.A. 91 variants,S,F,V,T,S,E,T,H,N,F,I,C,M,I,M,F,F,I,V,Y,S,L,F,M,T,Y,I,I,V,S,C,I,Q,G,P,A,L,A,I,A,10
A.A. 91 variants,S,F,V,T,S,E,T,H,N,F,I,C,M,I,M,F,F,I,V,Y,S,L,F,M,T,Y,K,I,V,S,C,I,Q,G,P,A,L,A,I,A,0.1
A.A. 91 variants,S,F,V,T,S,E,T,H,N,F,I,C,M,I,M,F,F,I,V,Y,S,L,F,M,T,Y,L,I,V,S,C,I,Q,G,P,A,L,A,I,A,10
A.A. 91 variants,S,F,V,T,S,E,T,H,N,F,I,C,M,I,M,F,F,I,V,Y,S,L,F,M,T,Y,M,I,V,S,C,I,Q,G,P,A,L,A,I,A,10
A.A. 91 variants,S,F,V,T,S,E,T,H,N,F,I,C,M,I,M,F,F,I,V,Y,S,L,F,M,T,Y,N,I,V,S,C,I,Q,G,P,A,L,A,I,A,5
A.A. 91 variants,S,F,V,T,S,E,T,H,N,F,I,C,M,I,M,F,F,I,V,Y,S,L,F,M,T,Y,P,I,V,S,C,I,Q,G,P,A,L,A,I,A,5
A.A. 91 variants,S,F,V,T,S,E,T,H,N,F,I,C,M,I,M,F,F,I,V,Y,S,L,F,M,T,Y,Q,I,V,S,C,I,Q,G,P,A,L,A,I,A,5
A.A. 91 variants,S,F,V,T,S,E,T,H,N,F,I,C,M,I,M,F,F,I,V,Y,S,L,F,M,T,Y,R,I,V,S,C,I,Q,G,P,A,L,A,I,A,0.1
A.A. 91 variants,S,F,V,T,S,E,T,H,N,F,I,C,M,I,M,F,F,I,V,Y,S,L,F,M,T,Y,V,I,V,S,C,I,Q,G,P,A,L,A,I,A,10
A.A. 91 variants,S,F,V,T,S,E,T,H,N,F,I,C,M,I,M,F,F,I,V,Y,S,L,F,M,T,Y,W,I,V,S,C,I,Q,G,P,A,L,A,I,A,10
A.A. 91 variants,S,F,V,T,S,E,T,H,N,F,I,C,M,I,M,F,F,I,V,Y,S,L,F,M,T,Y,Y,I,V,S,C,I,Q,G,P,A,L,A,I,A,10
A.A. 91 variants,S,F,V,T,S,E,T,H,N,F,I,C,M,I,M,F,F,I,V,Y,S,L,F,M,T,Y,T,S,V,S,C,I,Q,G,P,A,L,A,I,A,5
A.A. 91 variants,S,F,V,T,S,E,T,H,N,F,I,C,M,I,M,F,F,I,V,Y,S,L,F,M,T,Y,T,A,V,S,C,I,Q,G,P,A,L,A,I,A,10
A.A. 91 variants,S,F,V,T,S,E,T,H,N,F,I,C,M,I,M,F,F,I,V,Y,S,L,F,M,T,Y,T,C,V,S,C,I,Q,G,P,A,L,A,I,A,5
A.A. 91 variants,S,F,V,T,S,E,T,H,N,F,I,C,M,I,M,F,F,I,V,Y,S,L,F,M,T,Y,T,D,V,S,C,I,Q,G,P,A,L,A,I,A,15
A.A. 91 variants,S,F,V,T,S,E,T,H,N,F,I,C,M,I,M,F,F,I,V,Y,S,L,F,M,T,Y,T,E,V,S,C,I,Q,G,P,A,L,A,I,A,15
A.A. 91 variants,S,F,V,T,S,E,T,H,N,F,I,C,M,I,M,F,F,I,V,Y,S,L,F,M,T,Y,T,F,V,S,C,I,Q,G,P,A,L,A,I,A,10
A.A. 91 variants,S,F,V,T,S,E,T,H,N,F,I,C,M,I,M,F,F,I,V,Y,S,L,F,M,T,Y,T,G,V,S,C,I,Q,G,P,A,L,A,I,A,5
A.A. 91 variants,S,F,V,T,S,E,T,H,N,F,I,C,M,I,M,F,F,I,V,Y,S,L,F,M,T,Y,T,H,V,S,C,I,Q,G,P,A,L,A,I,A,0.1
A.A. 91 variants,S,F,V,T,S,E,T,H,N,F,I,C,M,I,M,F,F,I,V,Y,S,L,F,M,T,Y,T,K,V,S,C,I,Q,G,P,A,L,A,I,A,0.1
A.A. 91 variants,S,F,V,T,S,E,T,H,N,F,I,C,M,I,M,F,F,I,V,Y,S,L,F,M,T,Y,T,L,V,S,C,I,Q,G,P,A,L,A,I,A,10
A.A. 91 variants,S,F,V,T,S,E,T,H,N,F,I,C,M,I,M,F,F,I,V,Y,S,L,F,M,T,Y,T,M,V,S,C,I,Q,G,P,A,L,A,I,A,10
A.A. 91 variants,S,F,V,T,S,E,T,H,N,F,I,C,M,I,M,F,F,I,V,Y,S,L,F,M,T,Y,T,N,V,S,C,I,Q,G,P,A,L,A,I,A,5
A.A. 91 variants,S,F,V,T,S,E,T,H,N,F,I,C,M,I,M,F,F,I,V,Y,S,L,F,M,T,Y,T,P,V,S,C,I,Q,G,P,A,L,A,I,A,5
A.A. 91 variants,S,F,V,T,S,E,T,H,N,F,I,C,M,I,M,F,F,I,V,Y,S,L,F,M,T,Y,T,Q,V,S,C,I,Q,G,P,A,L,A,I,A,5
A.A. 91 variants,S,F,V,T,S,E,T,H,N,F,I,C,M,I,M,F,F,I,V,Y,S,L,F,M,T,Y,T,R,V,S,C,I,Q,G,P,A,L,A,I,A,0.1
A.A. 91 variants,S,F,V,T,S,E,T,H,N,F,I,C,M,I,M,F,F,I,V,Y,S,L,F,M,T,Y,T,T,V,S,C,I,Q,G,P,A,L,A,I,A,5
A.A. 91 variants,S,F,V,T,S,E,T,H,N,F,I,C,M,I,M,F,F,I,V,Y,S,L,F,M,T,Y,T,V,V,S,C,I,Q,G,P,A,L,A,I,A,10
A.A. 91 variants,S,F,V,T,S,E,T,H,N,F,I,C,M,I,M,F,F,I,V,Y,S,L,F,M,T,Y,T,W,V,S,C,I,Q,G,P,A,L,A,I,A,10
A.A. 91 variants,S,F,V,T,S,E,T,H,N,F,I,C,M,I,M,F,F,I,V,Y,S,L,F,M,T,Y,T,Y,V,S,C,I,Q,G,P,A,L,A,I,A,10
A.A. 91 variants,S,F,V,T,S,E,T,H,N,F,I,C,M,I,M,F,F,I,V,Y,S,L,F,M,T,Y,T,I,S,S,C,I,Q,G,P,A,L,A,I,A,5
A.A. 91 variants,S,F,V,T,S,E,T,H,N,F,I,C,M,I,M,F,F,I,V,Y,S,L,F,M,T,Y,T,I,A,S,C,I,Q,G,P,A,L,A,I,A,10
A.A. 91 variants,S,F,V,T,S,E,T,H,N,F,I,C,M,I,M,F,F,I,V,Y,S,L,F,M,T,Y,T,I,C,S,C,I,Q,G,P,A,L,A,I,A,5
A.A. 91 variants,S,F,V,T,S,E,T,H,N,F,I,C,M,I,M,F,F,I,V,Y,S,L,F,M,T,Y,T,I,D,S,C,I,Q,G,P,A,L,A,I,A,15
A.A. 91 variants,S,F,V,T,S,E,T,H,N,F,I,C,M,I,M,F,F,I,V,Y,S,L,F,M,T,Y,T,I,E,S,C,I,Q,G,P,A,L,A,I,A,15
A.A. 91 variants,S,F,V,T,S,E,T,H,N,F,I,C,M,I,M,F,F,I,V,Y,S,L,F,M,T,Y,T,I,F,S,C,I,Q,G,P,A,L,A,I,A,10
A.A. 91 variants,S,F,V,T,S,E,T,H,N,F,I,C,M,I,M,F,F,I,V,Y,S,L,F,M,T,Y,T,I,G,S,C,I,Q,G,P,A,L,A,I,A,5
A.A. 91 variants,S,F,V,T,S,E,T,H,N,F,I,C,M,I,M,F,F,I,V,Y,S,L,F,M,T,Y,T,I,H,S,C,I,Q,G,P,A,L,A,I,A,0.1
A.A. 91 variants,S,F,V,T,S,E,T,H,N,F,I,C,M,I,M,F,F,I,V,Y,S,L,F,M,T,Y,T,I,I,S,C,I,Q,G,P,A,L,A,I,A,10
A.A. 91 variants,S,F,V,T,S,E,T,H,N,F,I,C,M,I,M,F,F,I,V,Y,S,L,F,M,T,Y,T,I,K,S,C,I,Q,G,P,A,L,A,I,A,0.1
A.A. 91 variants,S,F,V,T,S,E,T,H,N,F,I,C,M,I,M,F,F,I,V,Y,S,L,F,M,T,Y,T,I,L,S,C,I,Q,G,P,A,L,A,I,A,10
A.A. 91 variants,S,F,V,T,S,E,T,H,N,F,I,C,M,I,M,F,F,I,V,Y,S,L,F,M,T,Y,T,I,M,S,C,I,Q,G,P,A,L,A,I,A,10
A.A. 91 variants,S,F,V,T,S,E,T,H,N,F,I,C,M,I,M,F,F,I,V,Y,S,L,F,M,T,Y,T,I,N,S,C,I,Q,G,P,A,L,A,I,A,5
A.A. 91 variants,S,F,V,T,S,E,T,H,N,F,I,C,M,I,M,F,F,I,V,Y,S,L,F,M,T,Y,T,I,P,S,C,I,Q,G,P,A,L,A,I,A,5
A.A. 91 variants,S,F,V,T,S,E,T,H,N,F,I,C,M,I,M,F,F,I,V,Y,S,L,F,M,T,Y,T,I,Q,S,C,I,Q,G,P,A,L,A,I,A,5
A.A. 91 variants,S,F,V,T,S,E,T,H,N,F,I,C,M,I,M,F,F,I,V,Y,S,L,F,M,T,Y,T,I,R,S,C,I,Q,G,P,A,L,A,I,A,0.1
A.A. 91 variants,S,F,V,T,S,E,T,H,N,F,I,C,M,I,M,F,F,I,V,Y,S,L,F,M,T,Y,T,I,T,S,C,I,Q,G,P,A,L,A,I,A,5
A.A. 91 variants,S,F,V,T,S,E,T,H,N,F,I,C,M,I,M,F,F,I,V,Y,S,L,F,M,T,Y,T,I,W,S,C,I,Q,G,P,A,L,A,I,A,10
A.A. 91 variants,S,F,V,T,S,E,T,H,N,F,I,C,M,I,M,F,F,I,V,Y,S,L,F,M,T,Y,T,I,Y,S,C,I,Q,G,P,A,L,A,I,A,10
A.A. 91 variants,S,F,V,T,S,E,T,H,N,F,I,C,M,I,M,F,F,I,V,Y,S,L,F,M,T,Y,T,I,V,A,C,I,Q,G,P,A,L,A,I,A,10
A.A. 91 variants,S,F,V,T,S,E,T,H,N,F,I,C,M,I,M,F,F,I,V,Y,S,L,F,M,T,Y,T,I,V,C,C,I,Q,G,P,A,L,A,I,A,5
A.A. 91 variants,S,F,V,T,S,E,T,H,N,F,I,C,M,I,M,F,F,I,V,Y,S,L,F,M,T,Y,T,I,V,D,C,I,Q,G,P,A,L,A,I,A,15
A.A. 91 variants,S,F,V,T,S,E,T,H,N,F,I,C,M,I,M,F,F,I,V,Y,S,L,F,M,T,Y,T,I,V,E,C,I,Q,G,P,A,L,A,I,A,15
A.A. 91 variants,S,F,V,T,S,E,T,H,N,F,I,C,M,I,M,F,F,I,V,Y,S,L,F,M,T,Y,T,I,V,F,C,I,Q,G,P,A,L,A,I,A,10
A.A. 91 variants,S,F,V,T,S,E,T,H,N,F,I,C,M,I,M,F,F,I,V,Y,S,L,F,M,T,Y,T,I,V,G,C,I,Q,G,P,A,L,A,I,A,5
A.A. 91 variants,S,F,V,T,S,E,T,H,N,F,I,C,M,I,M,F,F,I,V,Y,S,L,F,M,T,Y,T,I,V,H,C,I,Q,G,P,A,L,A,I,A,0.1
A.A. 91 variants,S,F,V,T,S,E,T,H,N,F,I,C,M,I,M,F,F,I,V,Y,S,L,F,M,T,Y,T,I,V,I,C,I,Q,G,P,A,L,A,I,A,10
A.A. 91 variants,S,F,V,T,S,E,T,H,N,F,I,C,M,I,M,F,F,I,V,Y,S,L,F,M,T,Y,T,I,V,K,C,I,Q,G,P,A,L,A,I,A,0.1
A.A. 91 variants,S,F,V,T,S,E,T,H,N,F,I,C,M,I,M,F,F,I,V,Y,S,L,F,M,T,Y,T,I,V,L,C,I,Q,G,P,A,L,A,I,A,10
A.A. 91 variants,S,F,V,T,S,E,T,H,N,F,I,C,M,I,M,F,F,I,V,Y,S,L,F,M,T,Y,T,I,V,M,C,I,Q,G,P,A,L,A,I,A,10
A.A. 91 variants,S,F,V,T,S,E,T,H,N,F,I,C,M,I,M,F,F,I,V,Y,S,L,F,M,T,Y,T,I,V,N,C,I,Q,G,P,A,L,A,I,A,5
A.A. 91 variants,S,F,V,T,S,E,T,H,N,F,I,C,M,I,M,F,F,I,V,Y,S,L,F,M,T,Y,T,I,V,P,C,I,Q,G,P,A,L,A,I,A,5
A.A. 91 variants,S,F,V,T,S,E,T,H,N,F,I,C,M,I,M,F,F,I,V,Y,S,L,F,M,T,Y,T,I,V,Q,C,I,Q,G,P,A,L,A,I,A,5
A.A. 91 variants,S,F,V,T,S,E,T,H,N,F,I,C,M,I,M,F,F,I,V,Y,S,L,F,M,T,Y,T,I,V,R,C,I,Q,G,P,A,L,A,I,A,0.1
A.A. 91 variants,S,F,V,T,S,E,T,H,N,F,I,C,M,I,M,F,F,I,V,Y,S,L,F,M,T,Y,T,I,V,T,C,I,Q,G,P,A,L,A,I,A,5
A.A. 91 variants,S,F,V,T,S,E,T,H,N,F,I,C,M,I,M,F,F,I,V,Y,S,L,F,M,T,Y,T,I,V,V,C,I,Q,G,P,A,L,A,I,A,10
A.A. 91 variants,S,F,V,T,S,E,T,H,N,F,I,C,M,I,M,F,F,I,V,Y,S,L,F,M,T,Y,T,I,V,W,C,I,Q,G,P,A,L,A,I,A,10
A.A. 91 variants,S,F,V,T,S,E,T,H,N,F,I,C,M,I,M,F,F,I,V,Y,S,L,F,M,T,Y,T,I,V,Y,C,I,Q,G,P,A,L,A,I,A,10
A.A. 91 variants,S,F,V,T,S,E,T,H,N,F,I,C,M,I,M,F,F,I,V,Y,S,L,F,M,T,Y,T,I,V,S,S,I,Q,G,P,A,L,A,I,A,5
A.A. 91 variants,S,F,V,T,S,E,T,H,N,F,I,C,M,I,M,F,F,I,V,Y,S,L,F,M,T,Y,T,I,V,S,A,I,Q,G,P,A,L,A,I,A,10
A.A. 91 variants,S,F,V,T,S,E,T,H,N,F,I,C,M,I,M,F,F,I,V,Y,S,L,F,M,T,Y,T,I,V,S,D,I,Q,G,P,A,L,A,I,A,15
A.A. 91 variants,S,F,V,T,S,E,T,H,N,F,I,C,M,I,M,F,F,I,V,Y,S,L,F,M,T,Y,T,I,V,S,E,I,Q,G,P,A,L,A,I,A,15
A.A. 91 variants,S,F,V,T,S,E,T,H,N,F,I,C,M,I,M,F,F,I,V,Y,S,L,F,M,T,Y,T,I,V,S,F,I,Q,G,P,A,L,A,I,A,10
A.A. 91 variants,S,F,V,T,S,E,T,H,N,F,I,C,M,I,M,F,F,I,V,Y,S,L,F,M,T,Y,T,I,V,S,G,I,Q,G,P,A,L,A,I,A,5
A.A. 91 variants,S,F,V,T,S,E,T,H,N,F,I,C,M,I,M,F,F,I,V,Y,S,L,F,M,T,Y,T,I,V,S,H,I,Q,G,P,A,L,A,I,A,0.1
A.A. 91 variants,S,F,V,T,S,E,T,H,N,F,I,C,M,I,M,F,F,I,V,Y,S,L,F,M,T,Y,T,I,V,S,I,I,Q,G,P,A,L,A,I,A,10
A.A. 91 variants,S,F,V,T,S,E,T,H,N,F,I,C,M,I,M,F,F,I,V,Y,S,L,F,M,T,Y,T,I,V,S,K,I,Q,G,P,A,L,A,I,A,0.1
A.A. 91 variants,S,F,V,T,S,E,T,H,N,F,I,C,M,I,M,F,F,I,V,Y,S,L,F,M,T,Y,T,I,V,S,L,I,Q,G,P,A,L,A,I,A,10
A.A. 91 variants,S,F,V,T,S,E,T,H,N,F,I,C,M,I,M,F,F,I,V,Y,S,L,F,M,T,Y,T,I,V,S,M,I,Q,G,P,A,L,A,I,A,10
A.A. 91 variants,S,F,V,T,S,E,T,H,N,F,I,C,M,I,M,F,F,I,V,Y,S,L,F,M,T,Y,T,I,V,S,N,I,Q,G,P,A,L,A,I,A,5
A.A. 91 variants,S,F,V,T,S,E,T,H,N,F,I,C,M,I,M,F,F,I,V,Y,S,L,F,M,T,Y,T,I,V,S,P,I,Q,G,P,A,L,A,I,A,5
A.A. 91 variants,S,F,V,T,S,E,T,H,N,F,I,C,M,I,M,F,F,I,V,Y,S,L,F,M,T,Y,T,I,V,S,Q,I,Q,G,P,A,L,A,I,A,5
A.A. 91 variants,S,F,V,T,S,E,T,H,N,F,I,C,M,I,M,F,F,I,V,Y,S,L,F,M,T,Y,T,I,V,S,R,I,Q,G,P,A,L,A,I,A,0.1
A.A. 91 variants,S,F,V,T,S,E,T,H,N,F,I,C,M,I,M,F,F,I,V,Y,S,L,F,M,T,Y,T,I,V,S,T,I,Q,G,P,A,L,A,I,A,5
A.A. 91 variants,S,F,V,T,S,E,T,H,N,F,I,C,M,I,M,F,F,I,V,Y,S,L,F,M,T,Y,T,I,V,S,V,I,Q,G,P,A,L,A,I,A,10
A.A. 91 variants,S,F,V,T,S,E,T,H,N,F,I,C,M,I,M,F,F,I,V,Y,S,L,F,M,T,Y,T,I,V,S,W,I,Q,G,P,A,L,A,I,A,10
A.A. 91 variants,S,F,V,T,S,E,T,H,N,F,I,C,M,I,M,F,F,I,V,Y,S,L,F,M,T,Y,T,I,V,S,Y,I,Q,G,P,A,L,A,I,A,10
A.A. 91 variants,S,F,V,T,S,E,T,H,N,F,I,C,M,I,M,F,F,I,V,Y,S,L,F,M,T,Y,T,I,V,S,C,S,Q,G,P,A,L,A,I,A,5
A.A. 91 variants,S,F,V,T,S,E,T,H,N,F,I,C,M,I,M,F,F,I,V,Y,S,L,F,M,T,Y,T,I,V,S,C,A,Q,G,P,A,L,A,I,A,10
A.A. 91 variants,S,F,V,T,S,E,T,H,N,F,I,C,M,I,M,F,F,I,V,Y,S,L,F,M,T,Y,T,I,V,S,C,C,Q,G,P,A,L,A,I,A,5
A.A. 91 variants,S,F,V,T,S,E,T,H,N,F,I,C,M,I,M,F,F,I,V,Y,S,L,F,M,T,Y,T,I,V,S,C,D,Q,G,P,A,L,A,I,A,15
A.A. 91 variants,S,F,V,T,S,E,T,H,N,F,I,C,M,I,M,F,F,I,V,Y,S,L,F,M,T,Y,T,I,V,S,C,E,Q,G,P,A,L,A,I,A,15
A.A. 91 variants,S,F,V,T,S,E,T,H,N,F,I,C,M,I,M,F,F,I,V,Y,S,L,F,M,T,Y,T,I,V,S,C,F,Q,G,P,A,L,A,I,A,10
A.A. 91 variants,S,F,V,T,S,E,T,H,N,F,I,C,M,I,M,F,F,I,V,Y,S,L,F,M,T,Y,T,I,V,S,C,G,Q,G,P,A,L,A,I,A,5
A.A. 91 variants,S,F,V,T,S,E,T,H,N,F,I,C,M,I,M,F,F,I,V,Y,S,L,F,M,T,Y,T,I,V,S,C,H,Q,G,P,A,L,A,I,A,0.1
A.A. 91 variants,S,F,V,T,S,E,T,H,N,F,I,C,M,I,M,F,F,I,V,Y,S,L,F,M,T,Y,T,I,V,S,C,K,Q,G,P,A,L,A,I,A,0.1
A.A. 91 variants,S,F,V,T,S,E,T,H,N,F,I,C,M,I,M,F,F,I,V,Y,S,L,F,M,T,Y,T,I,V,S,C,L,Q,G,P,A,L,A,I,A,10
A.A. 91 variants,S,F,V,T,S,E,T,H,N,F,I,C,M,I,M,F,F,I,V,Y,S,L,F,M,T,Y,T,I,V,S,C,M,Q,G,P,A,L,A,I,A,10
A.A. 91 variants,S,F,V,T,S,E,T,H,N,F,I,C,M,I,M,F,F,I,V,Y,S,L,F,M,T,Y,T,I,V,S,C,N,Q,G,P,A,L,A,I,A,5
A.A. 91 variants,S,F,V,T,S,E,T,H,N,F,I,C,M,I,M,F,F,I,V,Y,S,L,F,M,T,Y,T,I,V,S,C,P,Q,G,P,A,L,A,I,A,5
A.A. 91 variants,S,F,V,T,S,E,T,H,N,F,I,C,M,I,M,F,F,I,V,Y,S,L,F,M,T,Y,T,I,V,S,C,Q,Q,G,P,A,L,A,I,A,5
A.A. 91 variants,S,F,V,T,S,E,T,H,N,F,I,C,M,I,M,F,F,I,V,Y,S,L,F,M,T,Y,T,I,V,S,C,R,Q,G,P,A,L,A,I,A,0.1
A.A. 91 variants,S,F,V,T,S,E,T,H,N,F,I,C,M,I,M,F,F,I,V,Y,S,L,F,M,T,Y,T,I,V,S,C,T,Q,G,P,A,L,A,I,A,5
A.A. 91 variants,S,F,V,T,S,E,T,H,N,F,I,C,M,I,M,F,F,I,V,Y,S,L,F,M,T,Y,T,I,V,S,C,V,Q,G,P,A,L,A,I,A,10
A.A. 91 variants,S,F,V,T,S,E,T,H,N,F,I,C,M,I,M,F,F,I,V,Y,S,L,F,M,T,Y,T,I,V,S,C,W,Q,G,P,A,L,A,I,A,10
A.A. 91 variants,S,F,V,T,S,E,T,H,N,F,I,C,M,I,M,F,F,I,V,Y,S,L,F,M,T,Y,T,I,V,S,C,Y,Q,G,P,A,L,A,I,A,10
A.A. 91 variants,S,F,V,T,S,E,T,H,N,F,I,C,M,I,M,F,F,I,V,Y,S,L,F,M,T,Y,T,I,V,S,C,I,S,G,P,A,L,A,I,A,5
A.A. 91 variants,S,F,V,T,S,E,T,H,N,F,I,C,M,I,M,F,F,I,V,Y,S,L,F,M,T,Y,T,I,V,S,C,I,A,G,P,A,L,A,I,A,10
A.A. 91 variants,S,F,V,T,S,E,T,H,N,F,I,C,M,I,M,F,F,I,V,Y,S,L,F,M,T,Y,T,I,V,S,C,I,C,G,P,A,L,A,I,A,5
A.A. 91 variants,S,F,V,T,S,E,T,H,N,F,I,C,M,I,M,F,F,I,V,Y,S,L,F,M,T,Y,T,I,V,S,C,I,D,G,P,A,L,A,I,A,15
A.A. 91 variants,S,F,V,T,S,E,T,H,N,F,I,C,M,I,M,F,F,I,V,Y,S,L,F,M,T,Y,T,I,V,S,C,I,E,G,P,A,L,A,I,A,15
A.A. 91 variants,S,F,V,T,S,E,T,H,N,F,I,C,M,I,M,F,F,I,V,Y,S,L,F,M,T,Y,T,I,V,S,C,I,F,G,P,A,L,A,I,A,10
A.A. 91 variants,S,F,V,T,S,E,T,H,N,F,I,C,M,I,M,F,F,I,V,Y,S,L,F,M,T,Y,T,I,V,S,C,I,G,G,P,A,L,A,I,A,5
A.A. 91 variants,S,F,V,T,S,E,T,H,N,F,I,C,M,I,M,F,F,I,V,Y,S,L,F,M,T,Y,T,I,V,S,C,I,H,G,P,A,L,A,I,A,0.1
A.A. 91 variants,S,F,V,T,S,E,T,H,N,F,I,C,M,I,M,F,F,I,V,Y,S,L,F,M,T,Y,T,I,V,S,C,I,I,G,P,A,L,A,I,A,10
A.A. 91 variants,S,F,V,T,S,E,T,H,N,F,I,C,M,I,M,F,F,I,V,Y,S,L,F,M,T,Y,T,I,V,S,C,I,K,G,P,A,L,A,I,A,0.1
A.A. 91 variants,S,F,V,T,S,E,T,H,N,F,I,C,M,I,M,F,F,I,V,Y,S,L,F,M,T,Y,T,I,V,S,C,I,L,G,P,A,L,A,I,A,10
A.A. 91 variants,S,F,V,T,S,E,T,H,N,F,I,C,M,I,M,F,F,I,V,Y,S,L,F,M,T,Y,T,I,V,S,C,I,M,G,P,A,L,A,I,A,10
A.A. 91 variants,S,F,V,T,S,E,T,H,N,F,I,C,M,I,M,F,F,I,V,Y,S,L,F,M,T,Y,T,I,V,S,C,I,N,G,P,A,L,A,I,A,5
A.A. 91 variants,S,F,V,T,S,E,T,H,N,F,I,C,M,I,M,F,F,I,V,Y,S,L,F,M,T,Y,T,I,V,S,C,I,P,G,P,A,L,A,I,A,5
A.A. 91 variants,S,F,V,T,S,E,T,H,N,F,I,C,M,I,M,F,F,I,V,Y,S,L,F,M,T,Y,T,I,V,S,C,I,R,G,P,A,L,A,I,A,0.1
A.A. 91 variants,S,F,V,T,S,E,T,H,N,F,I,C,M,I,M,F,F,I,V,Y,S,L,F,M,T,Y,T,I,V,S,C,I,T,G,P,A,L,A,I,A,5
A.A. 91 variants,S,F,V,T,S,E,T,H,N,F,I,C,M,I,M,F,F,I,V,Y,S,L,F,M,T,Y,T,I,V,S,C,I,V,G,P,A,L,A,I,A,10
A.A. 91 variants,S,F,V,T,S,E,T,H,N,F,I,C,M,I,M,F,F,I,V,Y,S,L,F,M,T,Y,T,I,V,S,C,I,W,G,P,A,L,A,I,A,10
A.A. 91 variants,S,F,V,T,S,E,T,H,N,F,I,C,M,I,M,F,F,I,V,Y,S,L,F,M,T,Y,T,I,V,S,C,I,Y,G,P,A,L,A,I,A,10
A.A. 91 variants,S,F,V,T,S,E,T,H,N,F,I,C,M,I,M,F,F,I,V,Y,S,L,F,M,T,Y,T,I,V,S,C,I,Q,S,P,A,L,A,I,A,5
A.A. 91 variants,S,F,V,T,S,E,T,H,N,F,I,C,M,I,M,F,F,I,V,Y,S,L,F,M,T,Y,T,I,V,S,C,I,Q,A,P,A,L,A,I,A,10
A.A. 91 variants,S,F,V,T,S,E,T,H,N,F,I,C,M,I,M,F,F,I,V,Y,S,L,F,M,T,Y,T,I,V,S,C,I,Q,C,P,A,L,A,I,A,5
A.A. 91 variants,S,F,V,T,S,E,T,H,N,F,I,C,M,I,M,F,F,I,V,Y,S,L,F,M,T,Y,T,I,V,S,C,I,Q,D,P,A,L,A,I,A,15
A.A. 91 variants,S,F,V,T,S,E,T,H,N,F,I,C,M,I,M,F,F,I,V,Y,S,L,F,M,T,Y,T,I,V,S,C,I,Q,E,P,A,L,A,I,A,15
A.A. 91 variants,S,F,V,T,S,E,T,H,N,F,I,C,M,I,M,F,F,I,V,Y,S,L,F,M,T,Y,T,I,V,S,C,I,Q,F,P,A,L,A,I,A,10
A.A. 91 variants,S,F,V,T,S,E,T,H,N,F,I,C,M,I,M,F,F,I,V,Y,S,L,F,M,T,Y,T,I,V,S,C,I,Q,G,P,A,L,A,I,A,5
A.A. 91 variants,S,F,V,T,S,E,T,H,N,F,I,C,M,I,M,F,F,I,V,Y,S,L,F,M,T,Y,T,I,V,S,C,I,Q,H,P,A,L,A,I,A,0.1
A.A. 91 variants,S,F,V,T,S,E,T,H,N,F,I,C,M,I,M,F,F,I,V,Y,S,L,F,M,T,Y,T,I,V,S,C,I,Q,I,P,A,L,A,I,A,10
A.A. 91 variants,S,F,V,T,S,E,T,H,N,F,I,C,M,I,M,F,F,I,V,Y,S,L,F,M,T,Y,T,I,V,S,C,I,Q,K,P,A,L,A,I,A,0.1
A.A. 91 variants,S,F,V,T,S,E,T,H,N,F,I,C,M,I,M,F,F,I,V,Y,S,L,F,M,T,Y,T,I,V,S,C,I,Q,L,P,A,L,A,I,A,10
A.A. 91 variants,S,F,V,T,S,E,T,H,N,F,I,C,M,I,M,F,F,I,V,Y,S,L,F,M,T,Y,T,I,V,S,C,I,Q,M,P,A,L,A,I,A,10
A.A. 91 variants,S,F,V,T,S,E,T,H,N,F,I,C,M,I,M,F,F,I,V,Y,S,L,F,M,T,Y,T,I,V,S,C,I,Q,N,P,A,L,A,I,A,5
A.A. 91 variants,S,F,V,T,S,E,T,H,N,F,I,C,M,I,M,F,F,I,V,Y,S,L,F,M,T,Y,T,I,V,S,C,I,Q,P,P,A,L,A,I,A,5
A.A. 91 variants,S,F,V,T,S,E,T,H,N,F,I,C,M,I,M,F,F,I,V,Y,S,L,F,M,T,Y,T,I,V,S,C,I,Q,R,P,A,L,A,I,A,0.1
A.A. 91 variants,S,F,V,T,S,E,T,H,N,F,I,C,M,I,M,F,F,I,V,Y,S,L,F,M,T,Y,T,I,V,S,C,I,Q,T,P,A,L,A,I,A,5
A.A. 91 variants,S,F,V,T,S,E,T,H,N,F,I,C,M,I,M,F,F,I,V,Y,S,L,F,M,T,Y,T,I,V,S,C,I,Q,V,P,A,L,A,I,A,10
A.A. 91 variants,S,F,V,T,S,E,T,H,N,F,I,C,M,I,M,F,F,I,V,Y,S,L,F,M,T,Y,T,I,V,S,C,I,Q,W,P,A,L,A,I,A,10
A.A. 91 variants,S,F,V,T,S,E,T,H,N,F,I,C,M,I,M,F,F,I,V,Y,S,L,F,M,T,Y,T,I,V,S,C,I,Q,Y,P,A,L,A,I,A,10
A.A. 91 variants,S,F,V,T,S,E,T,H,N,F,I,C,M,I,M,F,F,I,V,Y,S,L,F,M,T,Y,T,I,V,S,C,I,Q,G,S,A,L,A,I,A,5
A.A. 91 variants,S,F,V,T,S,E,T,H,N,F,I,C,M,I,M,F,F,I,V,Y,S,L,F,M,T,Y,T,I,V,S,C,I,Q,G,A,A,L,A,I,A,10
A.A. 91 variants,S,F,V,T,S,E,T,H,N,F,I,C,M,I,M,F,F,I,V,Y,S,L,F,M,T,Y,T,I,V,S,C,I,Q,G,C,A,L,A,I,A,5
A.A. 91 variants,S,F,V,T,S,E,T,H,N,F,I,C,M,I,M,F,F,I,V,Y,S,L,F,M,T,Y,T,I,V,S,C,I,Q,G,D,A,L,A,I,A,15
A.A. 91 variants,S,F,V,T,S,E,T,H,N,F,I,C,M,I,M,F,F,I,V,Y,S,L,F,M,T,Y,T,I,V,S,C,I,Q,G,E,A,L,A,I,A,15
A.A. 91 variants,S,F,V,T,S,E,T,H,N,F,I,C,M,I,M,F,F,I,V,Y,S,L,F,M,T,Y,T,I,V,S,C,I,Q,G,F,A,L,A,I,A,10
A.A. 91 variants,S,F,V,T,S,E,T,H,N,F,I,C,M,I,M,F,F,I,V,Y,S,L,F,M,T,Y,T,I,V,S,C,I,Q,G,H,A,L,A,I,A,0.1
A.A. 91 variants,S,F,V,T,S,E,T,H,N,F,I,C,M,I,M,F,F,I,V,Y,S,L,F,M,T,Y,T,I,V,S,C,I,Q,G,I,A,L,A,I,A,10
A.A. 91 variants,S,F,V,T,S,E,T,H,N,F,I,C,M,I,M,F,F,I,V,Y,S,L,F,M,T,Y,T,I,V,S,C,I,Q,G,K,A,L,A,I,A,0.1
A.A. 91 variants,S,F,V,T,S,E,T,H,N,F,I,C,M,I,M,F,F,I,V,Y,S,L,F,M,T,Y,T,I,V,S,C,I,Q,G,L,A,L,A,I,A,10
A.A. 91 variants,S,F,V,T,S,E,T,H,N,F,I,C,M,I,M,F,F,I,V,Y,S,L,F,M,T,Y,T,I,V,S,C,I,Q,G,M,A,L,A,I,A,10
A.A. 91 variants,S,F,V,T,S,E,T,H,N,F,I,C,M,I,M,F,F,I,V,Y,S,L,F,M,T,Y,T,I,V,S,C,I,Q,G,N,A,L,A,I,A,5
A.A. 91 variants,S,F,V,T,S,E,T,H,N,F,I,C,M,I,M,F,F,I,V,Y,S,L,F,M,T,Y,T,I,V,S,C,I,Q,G,P,A,L,A,I,A,5
A.A. 91 variants,S,F,V,T,S,E,T,H,N,F,I,C,M,I,M,F,F,I,V,Y,S,L,F,M,T,Y,T,I,V,S,C,I,Q,G,Q,A,L,A,I,A,5
A.A. 91 variants,S,F,V,T,S,E,T,H,N,F,I,C,M,I,M,F,F,I,V,Y,S,L,F,M,T,Y,T,I,V,S,C,I,Q,G,R,A,L,A,I,A,0.1
A.A. 91 variants,S,F,V,T,S,E,T,H,N,F,I,C,M,I,M,F,F,I,V,Y,S,L,F,M,T,Y,T,I,V,S,C,I,Q,G,T,A,L,A,I,A,5
A.A. 91 variants,S,F,V,T,S,E,T,H,N,F,I,C,M,I,M,F,F,I,V,Y,S,L,F,M,T,Y,T,I,V,S,C,I,Q,G,V,A,L,A,I,A,10
A.A. 91 variants,S,F,V,T,S,E,T,H,N,F,I,C,M,I,M,F,F,I,V,Y,S,L,F,M,T,Y,T,I,V,S,C,I,Q,G,W,A,L,A,I,A,10
A.A. 91 variants,S,F,V,T,S,E,T,H,N,F,I,C,M,I,M,F,F,I,V,Y,S,L,F,M,T,Y,T,I,V,S,C,I,Q,G,Y,A,L,A,I,A,10
A.A. 91 variants,S,F,V,T,S,E,T,H,N,F,I,C,M,I,M,F,F,I,V,Y,S,L,F,M,T,Y,T,I,V,S,C,I,Q,G,P,S,L,A,I,A,5
A.A. 91 variants,S,F,V,T,S,E,T,H,N,F,I,C,M,I,M,F,F,I,V,Y,S,L,F,M,T,Y,T,I,V,S,C,I,Q,G,P,C,L,A,I,A,5
A.A. 91 variants,S,F,V,T,S,E,T,H,N,F,I,C,M,I,M,F,F,I,V,Y,S,L,F,M,T,Y,T,I,V,S,C,I,Q,G,P,D,L,A,I,A,15
A.A. 91 variants,S,F,V,T,S,E,T,H,N,F,I,C,M,I,M,F,F,I,V,Y,S,L,F,M,T,Y,T,I,V,S,C,I,Q,G,P,E,L,A,I,A,15
A.A. 91 variants,S,F,V,T,S,E,T,H,N,F,I,C,M,I,M,F,F,I,V,Y,S,L,F,M,T,Y,T,I,V,S,C,I,Q,G,P,F,L,A,I,A,10
A.A. 91 variants,S,F,V,T,S,E,T,H,N,F,I,C,M,I,M,F,F,I,V,Y,S,L,F,M,T,Y,T,I,V,S,C,I,Q,G,P,G,L,A,I,A,5
A.A. 91 variants,S,F,V,T,S,E,T,H,N,F,I,C,M,I,M,F,F,I,V,Y,S,L,F,M,T,Y,T,I,V,S,C,I,Q,G,P,H,L,A,I,A,0.1
A.A. 91 variants,S,F,V,T,S,E,T,H,N,F,I,C,M,I,M,F,F,I,V,Y,S,L,F,M,T,Y,T,I,V,S,C,I,Q,G,P,I,L,A,I,A,10
A.A. 91 variants,S,F,V,T,S,E,T,H,N,F,I,C,M,I,M,F,F,I,V,Y,S,L,F,M,T,Y,T,I,V,S,C,I,Q,G,P,K,L,A,I,A,0.1
A.A. 91 variants,S,F,V,T,S,E,T,H,N,F,I,C,M,I,M,F,F,I,V,Y,S,L,F,M,T,Y,T,I,V,S,C,I,Q,G,P,L,L,A,I,A,10
A.A. 91 variants,S,F,V,T,S,E,T,H,N,F,I,C,M,I,M,F,F,I,V,Y,S,L,F,M,T,Y,T,I,V,S,C,I,Q,G,P,M,L,A,I,A,10
A.A. 91 variants,S,F,V,T,S,E,T,H,N,F,I,C,M,I,M,F,F,I,V,Y,S,L,F,M,T,Y,T,I,V,S,C,I,Q,G,P,N,L,A,I,A,5
A.A. 91 variants,S,F,V,T,S,E,T,H,N,F,I,C,M,I,M,F,F,I,V,Y,S,L,F,M,T,Y,T,I,V,S,C,I,Q,G,P,P,L,A,I,A,5
A.A. 91 variants,S,F,V,T,S,E,T,H,N,F,I,C,M,I,M,F,F,I,V,Y,S,L,F,M,T,Y,T,I,V,S,C,I,Q,G,P,Q,L,A,I,A,5
A.A. 91 variants,S,F,V,T,S,E,T,H,N,F,I,C,M,I,M,F,F,I,V,Y,S,L,F,M,T,Y,T,I,V,S,C,I,Q,G,P,R,L,A,I,A,0.1
A.A. 91 variants,S,F,V,T,S,E,T,H,N,F,I,C,M,I,M,F,F,I,V,Y,S,L,F,M,T,Y,T,I,V,S,C,I,Q,G,P,T,L,A,I,A,5
A.A. 91 variants,S,F,V,T,S,E,T,H,N,F,I,C,M,I,M,F,F,I,V,Y,S,L,F,M,T,Y,T,I,V,S,C,I,Q,G,P,V,L,A,I,A,10
A.A. 91 variants,S,F,V,T,S,E,T,H,N,F,I,C,M,I,M,F,F,I,V,Y,S,L,F,M,T,Y,T,I,V,S,C,I,Q,G,P,W,L,A,I,A,10
A.A. 91 variants,S,F,V,T,S,E,T,H,N,F,I,C,M,I,M,F,F,I,V,Y,S,L,F,M,T,Y,T,I,V,S,C,I,Q,G,P,Y,L,A,I,A,10
A.A. 91 variants,S,F,V,T,S,E,T,H,N,F,I,C,M,I,M,F,F,I,V,Y,S,L,F,M,T,Y,T,I,V,S,C,I,Q,G,P,A,S,A,I,A,5
A.A. 91 variants,S,F,V,T,S,E,T,H,N,F,I,C,M,I,M,F,F,I,V,Y,S,L,F,M,T,Y,T,I,V,S,C,I,Q,G,P,A,A,A,I,A,10
A.A. 91 variants,S,F,V,T,S,E,T,H,N,F,I,C,M,I,M,F,F,I,V,Y,S,L,F,M,T,Y,T,I,V,S,C,I,Q,G,P,A,C,A,I,A,5
A.A. 91 variants,S,F,V,T,S,E,T,H,N,F,I,C,M,I,M,F,F,I,V,Y,S,L,F,M,T,Y,T,I,V,S,C,I,Q,G,P,A,D,A,I,A,15
A.A. 91 variants,S,F,V,T,S,E,T,H,N,F,I,C,M,I,M,F,F,I,V,Y,S,L,F,M,T,Y,T,I,V,S,C,I,Q,G,P,A,E,A,I,A,15
A.A. 91 variants,S,F,V,T,S,E,T,H,N,F,I,C,M,I,M,F,F,I,V,Y,S,L,F,M,T,Y,T,I,V,S,C,I,Q,G,P,A,F,A,I,A,10
A.A. 91 variants,S,F,V,T,S,E,T,H,N,F,I,C,M,I,M,F,F,I,V,Y,S,L,F,M,T,Y,T,I,V,S,C,I,Q,G,P,A,G,A,I,A,5
A.A. 91 variants,S,F,V,T,S,E,T,H,N,F,I,C,M,I,M,F,F,I,V,Y,S,L,F,M,T,Y,T,I,V,S,C,I,Q,G,P,A,H,A,I,A,0.1
A.A. 91 variants,S,F,V,T,S,E,T,H,N,F,I,C,M,I,M,F,F,I,V,Y,S,L,F,M,T,Y,T,I,V,S,C,I,Q,G,P,A,I,A,I,A,10
A.A. 91 variants,S,F,V,T,S,E,T,H,N,F,I,C,M,I,M,F,F,I,V,Y,S,L,F,M,T,Y,T,I,V,S,C,I,Q,G,P,A,K,A,I,A,0.1
A.A. 91 variants,S,F,V,T,S,E,T,H,N,F,I,C,M,I,M,F,F,I,V,Y,S,L,F,M,T,Y,T,I,V,S,C,I,Q,G,P,A,M,A,I,A,10
A.A. 91 variants,S,F,V,T,S,E,T,H,N,F,I,C,M,I,M,F,F,I,V,Y,S,L,F,M,T,Y,T,I,V,S,C,I,Q,G,P,A,N,A,I,A,5
A.A. 91 variants,S,F,V,T,S,E,T,H,N,F,I,C,M,I,M,F,F,I,V,Y,S,L,F,M,T,Y,T,I,V,S,C,I,Q,G,P,A,P,A,I,A,5
A.A. 91 variants,S,F,V,T,S,E,T,H,N,F,I,C,M,I,M,F,F,I,V,Y,S,L,F,M,T,Y,T,I,V,S,C,I,Q,G,P,A,Q,A,I,A,5
A.A. 91 variants,S,F,V,T,S,E,T,H,N,F,I,C,M,I,M,F,F,I,V,Y,S,L,F,M,T,Y,T,I,V,S,C,I,Q,G,P,A,R,A,I,A,0.1
A.A. 91 variants,S,F,V,T,S,E,T,H,N,F,I,C,M,I,M,F,F,I,V,Y,S,L,F,M,T,Y,T,I,V,S,C,I,Q,G,P,A,T,A,I,A,5
A.A. 91 variants,S,F,V,T,S,E,T,H,N,F,I,C,M,I,M,F,F,I,V,Y,S,L,F,M,T,Y,T,I,V,S,C,I,Q,G,P,A,V,A,I,A,10
A.A. 91 variants,S,F,V,T,S,E,T,H,N,F,I,C,M,I,M,F,F,I,V,Y,S,L,F,M,T,Y,T,I,V,S,C,I,Q,G,P,A,W,A,I,A,10
A.A. 91 variants,S,F,V,T,S,E,T,H,N,F,I,C,M,I,M,F,F,I,V,Y,S,L,F,M,T,Y,T,I,V,S,C,I,Q,G,P,A,Y,A,I,A,10
A.A. 91 variants,S,F,V,T,S,E,T,H,N,F,I,C,M,I,M,F,F,I,V,Y,S,L,F,M,T,Y,T,I,V,S,C,I,Q,G,P,A,L,S,I,A,5
A.A. 91 variants,S,F,V,T,S,E,T,H,N,F,I,C,M,I,M,F,F,I,V,Y,S,L,F,M,T,Y,T,I,V,S,C,I,Q,G,P,A,L,C,I,A,5
A.A. 91 variants,S,F,V,T,S,E,T,H,N,F,I,C,M,I,M,F,F,I,V,Y,S,L,F,M,T,Y,T,I,V,S,C,I,Q,G,P,A,L,D,I,A,15
A.A. 91 variants,S,F,V,T,S,E,T,H,N,F,I,C,M,I,M,F,F,I,V,Y,S,L,F,M,T,Y,T,I,V,S,C,I,Q,G,P,A,L,E,I,A,15
A.A. 91 variants,S,F,V,T,S,E,T,H,N,F,I,C,M,I,M,F,F,I,V,Y,S,L,F,M,T,Y,T,I,V,S,C,I,Q,G,P,A,L,F,I,A,10
A.A. 91 variants,S,F,V,T,S,E,T,H,N,F,I,C,M,I,M,F,F,I,V,Y,S,L,F,M,T,Y,T,I,V,S,C,I,Q,G,P,A,L,G,I,A,5
A.A. 91 variants,S,F,V,T,S,E,T,H,N,F,I,C,M,I,M,F,F,I,V,Y,S,L,F,M,T,Y,T,I,V,S,C,I,Q,G,P,A,L,H,I,A,0.1
A.A. 91 variants,S,F,V,T,S,E,T,H,N,F,I,C,M,I,M,F,F,I,V,Y,S,L,F,M,T,Y,T,I,V,S,C,I,Q,G,P,A,L,I,I,A,10
A.A. 91 variants,S,F,V,T,S,E,T,H,N,F,I,C,M,I,M,F,F,I,V,Y,S,L,F,M,T,Y,T,I,V,S,C,I,Q,G,P,A,L,K,I,A,0.1
A.A. 91 variants,S,F,V,T,S,E,T,H,N,F,I,C,M,I,M,F,F,I,V,Y,S,L,F,M,T,Y,T,I,V,S,C,I,Q,G,P,A,L,L,I,A,10
A.A. 91 variants,S,F,V,T,S,E,T,H,N,F,I,C,M,I,M,F,F,I,V,Y,S,L,F,M,T,Y,T,I,V,S,C,I,Q,G,P,A,L,M,I,A,10
A.A. 91 variants,S,F,V,T,S,E,T,H,N,F,I,C,M,I,M,F,F,I,V,Y,S,L,F,M,T,Y,T,I,V,S,C,I,Q,G,P,A,L,N,I,A,5
A.A. 91 variants,S,F,V,T,S,E,T,H,N,F,I,C,M,I,M,F,F,I,V,Y,S,L,F,M,T,Y,T,I,V,S,C,I,Q,G,P,A,L,P,I,A,5
A.A. 91 variants,S,F,V,T,S,E,T,H,N,F,I,C,M,I,M,F,F,I,V,Y,S,L,F,M,T,Y,T,I,V,S,C,I,Q,G,P,A,L,Q,I,A,5
A.A. 91 variants,S,F,V,T,S,E,T,H,N,F,I,C,M,I,M,F,F,I,V,Y,S,L,F,M,T,Y,T,I,V,S,C,I,Q,G,P,A,L,R,I,A,0.1
A.A. 91 variants,S,F,V,T,S,E,T,H,N,F,I,C,M,I,M,F,F,I,V,Y,S,L,F,M,T,Y,T,I,V,S,C,I,Q,G,P,A,L,T,I,A,5
A.A. 91 variants,S,F,V,T,S,E,T,H,N,F,I,C,M,I,M,F,F,I,V,Y,S,L,F,M,T,Y,T,I,V,S,C,I,Q,G,P,A,L,V,I,A,10
A.A. 91 variants,S,F,V,T,S,E,T,H,N,F,I,C,M,I,M,F,F,I,V,Y,S,L,F,M,T,Y,T,I,V,S,C,I,Q,G,P,A,L,W,I,A,10
A.A. 91 variants,S,F,V,T,S,E,T,H,N,F,I,C,M,I,M,F,F,I,V,Y,S,L,F,M,T,Y,T,I,V,S,C,I,Q,G,P,A,L,Y,I,A,10
A.A. 91 variants,S,F,V,T,S,E,T,H,N,F,I,C,M,I,M,F,F,I,V,Y,S,L,F,M,T,Y,T,I,V,S,C,I,Q,G,P,A,L,A,S,A,5
A.A. 91 variants,S,F,V,T,S,E,T,H,N,F,I,C,M,I,M,F,F,I,V,Y,S,L,F,M,T,Y,T,I,V,S,C,I,Q,G,P,A,L,A,A,A,10
A.A. 91 variants,S,F,V,T,S,E,T,H,N,F,I,C,M,I,M,F,F,I,V,Y,S,L,F,M,T,Y,T,I,V,S,C,I,Q,G,P,A,L,A,C,A,5
A.A. 91 variants,S,F,V,T,S,E,T,H,N,F,I,C,M,I,M,F,F,I,V,Y,S,L,F,M,T,Y,T,I,V,S,C,I,Q,G,P,A,L,A,D,A,15
A.A. 91 variants,S,F,V,T,S,E,T,H,N,F,I,C,M,I,M,F,F,I,V,Y,S,L,F,M,T,Y,T,I,V,S,C,I,Q,G,P,A,L,A,E,A,15
A.A. 91 variants,S,F,V,T,S,E,T,H,N,F,I,C,M,I,M,F,F,I,V,Y,S,L,F,M,T,Y,T,I,V,S,C,I,Q,G,P,A,L,A,F,A,10
A.A. 91 variants,S,F,V,T,S,E,T,H,N,F,I,C,M,I,M,F,F,I,V,Y,S,L,F,M,T,Y,T,I,V,S,C,I,Q,G,P,A,L,A,G,A,5
A.A. 91 variants,S,F,V,T,S,E,T,H,N,F,I,C,M,I,M,F,F,I,V,Y,S,L,F,M,T,Y,T,I,V,S,C,I,Q,G,P,A,L,A,H,A,0.1
A.A. 91 variants,S,F,V,T,S,E,T,H,N,F,I,C,M,I,M,F,F,I,V,Y,S,L,F,M,T,Y,T,I,V,S,C,I,Q,G,P,A,L,A,K,A,0.1
A.A. 91 variants,S,F,V,T,S,E,T,H,N,F,I,C,M,I,M,F,F,I,V,Y,S,L,F,M,T,Y,T,I,V,S,C,I,Q,G,P,A,L,A,L,A,10
A.A. 91 variants,S,F,V,T,S,E,T,H,N,F,I,C,M,I,M,F,F,I,V,Y,S,L,F,M,T,Y,T,I,V,S,C,I,Q,G,P,A,L,A,M,A,10
A.A. 91 variants,S,F,V,T,S,E,T,H,N,F,I,C,M,I,M,F,F,I,V,Y,S,L,F,M,T,Y,T,I,V,S,C,I,Q,G,P,A,L,A,N,A,5
A.A. 91 variants,S,F,V,T,S,E,T,H,N,F,I,C,M,I,M,F,F,I,V,Y,S,L,F,M,T,Y,T,I,V,S,C,I,Q,G,P,A,L,A,P,A,5
A.A. 91 variants,S,F,V,T,S,E,T,H,N,F,I,C,M,I,M,F,F,I,V,Y,S,L,F,M,T,Y,T,I,V,S,C,I,Q,G,P,A,L,A,Q,A,5
A.A. 91 variants,S,F,V,T,S,E,T,H,N,F,I,C,M,I,M,F,F,I,V,Y,S,L,F,M,T,Y,T,I,V,S,C,I,Q,G,P,A,L,A,R,A,0.1
A.A. 91 variants,S,F,V,T,S,E,T,H,N,F,I,C,M,I,M,F,F,I,V,Y,S,L,F,M,T,Y,T,I,V,S,C,I,Q,G,P,A,L,A,T,A,5
A.A. 91 variants,S,F,V,T,S,E,T,H,N,F,I,C,M,I,M,F,F,I,V,Y,S,L,F,M,T,Y,T,I,V,S,C,I,Q,G,P,A,L,A,V,A,10
A.A. 91 variants,S,F,V,T,S,E,T,H,N,F,I,C,M,I,M,F,F,I,V,Y,S,L,F,M,T,Y,T,I,V,S,C,I,Q,G,P,A,L,A,W,A,10
A.A. 91 variants,S,F,V,T,S,E,T,H,N,F,I,C,M,I,M,F,F,I,V,Y,S,L,F,M,T,Y,T,I,V,S,C,I,Q,G,P,A,L,A,Y,A,10
A.A. 91 variants,S,F,V,T,S,E,T,H,N,F,I,C,M,I,M,F,F,I,V,Y,S,L,F,M,T,Y,T,I,V,S,C,I,Q,G,P,A,L,A,I,S,5
A.A. 91 variants,S,F,V,T,S,E,T,H,N,F,I,C,M,I,M,F,F,I,V,Y,S,L,F,M,T,Y,T,I,V,S,C,I,Q,G,P,A,L,A,I,C,5
A.A. 91 variants,S,F,V,T,S,E,T,H,N,F,I,C,M,I,M,F,F,I,V,Y,S,L,F,M,T,Y,T,I,V,S,C,I,Q,G,P,A,L,A,I,D,15
A.A. 91 variants,S,F,V,T,S,E,T,H,N,F,I,C,M,I,M,F,F,I,V,Y,S,L,F,M,T,Y,T,I,V,S,C,I,Q,G,P,A,L,A,I,E,15
A.A. 91 variants,S,F,V,T,S,E,T,H,N,F,I,C,M,I,M,F,F,I,V,Y,S,L,F,M,T,Y,T,I,V,S,C,I,Q,G,P,A,L,A,I,F,10
A.A. 91 variants,S,F,V,T,S,E,T,H,N,F,I,C,M,I,M,F,F,I,V,Y,S,L,F,M,T,Y,T,I,V,S,C,I,Q,G,P,A,L,A,I,G,5
A.A. 91 variants,S,F,V,T,S,E,T,H,N,F,I,C,M,I,M,F,F,I,V,Y,S,L,F,M,T,Y,T,I,V,S,C,I,Q,G,P,A,L,A,I,H,0.1
A.A. 91 variants,S,F,V,T,S,E,T,H,N,F,I,C,M,I,M,F,F,I,V,Y,S,L,F,M,T,Y,T,I,V,S,C,I,Q,G,P,A,L,A,I,I,10
A.A. 91 variants,S,F,V,T,S,E,T,H,N,F,I,C,M,I,M,F,F,I,V,Y,S,L,F,M,T,Y,T,I,V,S,C,I,Q,G,P,A,L,A,I,K,0.1
A.A. 91 variants,S,F,V,T,S,E,T,H,N,F,I,C,M,I,M,F,F,I,V,Y,S,L,F,M,T,Y,T,I,V,S,C,I,Q,G,P,A,L,A,I,L,10
A.A. 91 variants,S,F,V,T,S,E,T,H,N,F,I,C,M,I,M,F,F,I,V,Y,S,L,F,M,T,Y,T,I,V,S,C,I,Q,G,P,A,L,A,I,M,10
A.A. 91 variants,S,F,V,T,S,E,T,H,N,F,I,C,M,I,M,F,F,I,V,Y,S,L,F,M,T,Y,T,I,V,S,C,I,Q,G,P,A,L,A,I,N,5
A.A. 91 variants,S,F,V,T,S,E,T,H,N,F,I,C,M,I,M,F,F,I,V,Y,S,L,F,M,T,Y,T,I,V,S,C,I,Q,G,P,A,L,A,I,P,5
A.A. 91 variants,S,F,V,T,S,E,T,H,N,F,I,C,M,I,M,F,F,I,V,Y,S,L,F,M,T,Y,T,I,V,S,C,I,Q,G,P,A,L,A,I,Q,5
A.A. 91 variants,S,F,V,T,S,E,T,H,N,F,I,C,M,I,M,F,F,I,V,Y,S,L,F,M,T,Y,T,I,V,S,C,I,Q,G,P,A,L,A,I,R,0.1
A.A. 91 variants,S,F,V,T,S,E,T,H,N,F,I,C,M,I,M,F,F,I,V,Y,S,L,F,M,T,Y,T,I,V,S,C,I,Q,G,P,A,L,A,I,T,5
A.A. 91 variants,S,F,V,T,S,E,T,H,N,F,I,C,M,I,M,F,F,I,V,Y,S,L,F,M,T,Y,T,I,V,S,C,I,Q,G,P,A,L,A,I,V,10
A.A. 91 variants,S,F,V,T,S,E,T,H,N,F,I,C,M,I,M,F,F,I,V,Y,S,L,F,M,T,Y,T,I,V,S,C,I,Q,G,P,A,L,A,I,W,10
A.A. 91 variants,S,F,V,T,S,E,T,H,N,F,I,C,M,I,M,F,F,I,V,Y,S,L,F,M,T,Y,T,I,V,S,C,I,Q,G,P,A,L,A,I,Y,10